Date,Open,High,Low,Close,Adj Close,Volume
10/13/2016,64.879997,65.639999,64.860001,65.260002,59.963924,468700
10/14/2016,65.529999,65.959999,65.370003,65.739998,60.404968,427900
10/17/2016,65.650002,66.110001,65.43,65.519997,60.202835,411100
10/18/2016,66.220001,66.220001,65.449997,65.5,60.184444,375800
10/19/2016,65.370003,65.5,64.959999,64.989998,59.715828,388700
10/20/2016,64.760002,64.93,63.98,64.169998,58.962376,675500
10/21/2016,64.230003,64.550003,63.869999,64.360001,59.136963,325900
10/24/2016,65,65,64.080002,64.589996,59.348297,361000
10/25/2016,64.559998,65.239998,64.459999,65.080002,59.798534,671100
10/26/2016,64.730003,65.129997,64.470001,64.5,59.265602,306200
10/27/2016,64.57,64.690002,63.720001,63.880001,58.695927,363300
10/28/2016,63.939999,64.82,63.939999,64.07,58.870499,410500
10/31/2016,64.32,64.800003,64.050003,64.660004,59.412628,562800
11/1/2016,64.68,64.809998,64.120003,64.129997,58.925629,444300
11/2/2016,63.970001,64.709999,63.970001,64.019997,58.824554,409000
11/3/2016,63.799999,64.260002,63.799999,64.120003,58.916447,290600
11/4/2016,64.019997,64.860001,64.019997,64.029999,58.83374,459900
11/7/2016,64.800003,65.599998,64.800003,65.18,59.890423,391800
11/8/2016,65.199997,66.199997,65.050003,65.68,60.349854,446600
11/9/2016,62.490002,62.98,59.860001,62.150002,57.106323,1663900
11/10/2016,61.939999,62.110001,60.150002,60.709999,55.783165,1454200
11/11/2016,60.349998,61.279999,60.279999,60.630001,55.709667,619900
11/14/2016,60.700001,61.119999,60.25,60.560001,55.645348,1186800
11/15/2016,60.610001,61.23,60.490002,61,56.049633,836400
11/16/2016,61.02,63.130001,61.02,62.77,57.675999,888300
11/17/2016,62.59,64.970001,62.59,64.889999,59.623955,1083100
11/18/2016,65.029999,65.790001,64.879997,65.160004,59.872047,867800
11/21/2016,65.32,66.150002,65.279999,65.68,60.349854,648000
11/22/2016,65.650002,66.209999,65.330002,65.620003,60.294704,589700
11/23/2016,65.400002,65.989998,65.169998,65.900002,60.551994,427000
11/25/2016,66.139999,66.449997,65.669998,65.860001,60.515232,204400
11/28/2016,65.739998,66.349998,65.739998,65.940002,60.588749,545200
11/29/2016,66.129997,66.970001,66.07,66.889999,61.461639,599000
11/30/2016,66.730003,66.989998,64.660004,64.739998,59.486122,859700
12/1/2016,64.720001,64.870003,63.810001,64.190002,58.980766,519500
12/2/2016,64.089996,64.800003,63.279999,63.509998,58.355946,635900
12/5/2016,63.91,64.480003,63.549999,64.040001,58.842941,399000
12/6/2016,64.150002,64.419998,63.630001,64.099998,58.898067,405300
12/7/2016,64.309998,65.480003,64.169998,65.480003,60.166077,790200
12/8/2016,65.519997,65.900002,65.279999,65.610001,60.28553,496700
12/9/2016,65.68,65.900002,65.389999,65.760002,60.423355,544700
12/12/2016,65.199997,65.589996,64.57,65.160004,60.174023,429300
12/13/2016,65.190002,65.599998,65.07,65.309998,60.312534,445000
12/14/2016,65.419998,65.93,64.830002,64.93,59.961613,303000
12/15/2016,65.220001,65.690002,64.940002,65.330002,60.331013,376000
12/16/2016,65.5,65.919998,65.32,65.480003,60.469524,967300
12/19/2016,65.699997,66.330002,65.480003,65.889999,60.848156,419500
12/20/2016,65.910004,66.339996,65.68,66.339996,61.26371,450900
12/21/2016,66.169998,66.57,65.529999,65.589996,60.571098,255400
12/22/2016,65.75,65.860001,65.07,65.589996,60.571098,254200
12/23/2016,65.589996,66.099998,65.389999,66.080002,61.023617,219000
12/27/2016,65.989998,66.620003,65.809998,66.290001,61.217541,246800
12/28/2016,66.529999,67,66.339996,66.519997,61.429928,591600
12/29/2016,66.629997,67.080002,66.480003,66.849998,61.734707,591100
12/30/2016,66.860001,66.860001,65.919998,66.300003,61.22678,354500
1/3/2017,66.519997,66.639999,65.690002,65.93,60.885105,498700
1/4/2017,65.959999,66.75,65.940002,66.370003,61.291424,630800
1/5/2017,66.300003,66.769997,65.730003,66.029999,60.977428,735300
1/6/2017,66.050003,66.459999,65.910004,66.300003,61.22678,480100
1/9/2017,66.300003,66.589996,66.059998,66.150002,61.088253,367900
1/10/2017,66.040001,66.260002,65.739998,66.019997,60.968197,304900
1/11/2017,65.860001,66.279999,65.5,66.110001,61.051311,321400
1/12/2017,66.019997,66.220001,65.220001,66.209999,61.143658,216700
1/13/2017,66.360001,66.75,66.160004,66.220001,61.152897,346700
1/17/2017,66.199997,66.32,65.720001,66.199997,61.134418,316900
1/18/2017,66.410004,66.410004,65.75,66.110001,61.051311,372600
1/19/2017,66.080002,66.449997,65.57,65.739998,60.709621,238500
1/20/2017,65.760002,66.18,65.510002,65.860001,60.820438,234500
1/23/2017,65.739998,66.019997,65.349998,65.860001,60.820438,243700
1/24/2017,66,67.169998,65.739998,67.010002,61.88245,442500
1/25/2017,67.519997,67.629997,67.18,67.580002,62.408825,436400
1/26/2017,67.610001,67.889999,67.339996,67.389999,62.233383,338500
1/27/2017,67.459999,67.690002,67.099998,67.239998,62.094849,260000
1/30/2017,67.099998,67.099998,65.82,66.410004,61.328365,455300
1/31/2017,66.32,66.610001,65.900002,66.529999,61.439182,337400
2/1/2017,67,67.010002,65.519997,65.870003,60.829674,516600
2/2/2017,65.870003,68.07,65.760002,67.980003,62.778236,1131700
2/3/2017,68.419998,68.709999,68.120003,68.559998,63.313831,468300
2/6/2017,68.120003,68.419998,67.610001,68.07,62.86134,487500
2/7/2017,68,68.650002,67.980003,68.489998,63.249203,496500
2/8/2017,67.93,68.5,67.510002,68.18,62.962929,426800
2/9/2017,68.18,68.360001,67.150002,67.18,62.039448,697900
2/10/2017,67,67.470001,66.93,67.32,62.168736,623600
2/13/2017,67.43,68.089996,67.43,67.879997,62.685883,473800
2/14/2017,67.849998,67.889999,67.419998,67.559998,62.390373,422300
2/15/2017,67.589996,68.300003,67.489998,68.160004,62.944454,524300
2/16/2017,68.150002,68.629997,68.059998,68.620003,63.369267,718800
2/17/2017,68.589996,68.68,68.010002,68.580002,63.332302,487400
2/21/2017,68.68,69.209999,68.489998,69.139999,63.849434,576900
2/22/2017,68.739998,68.959999,68.389999,68.860001,63.590874,613400
2/23/2017,68.989998,69.419998,68.68,68.970001,63.692471,1234000
2/24/2017,68.970001,70.360001,68.959999,70.360001,64.976112,552200
2/27/2017,70.400002,70.610001,69.550003,69.82,64.477432,713000
2/28/2017,69.900002,70.099998,69.32,69.330002,64.02491,678400
3/1/2017,69.650002,70.809998,69.650002,70.599998,65.197731,608200
3/2/2017,70.5,70.5,69.910004,69.949997,64.597481,482600
3/3/2017,69.900002,69.940002,69.309998,69.629997,64.301941,522300
3/6/2017,69.199997,69.519997,69.059998,69.07,63.784821,390100
3/7/2017,69.209999,69.25,68.400002,68.629997,63.37849,543900
3/8/2017,68.669998,68.720001,68.239998,68.300003,63.073734,363600
3/9/2017,68.309998,68.620003,67.940002,68.620003,63.369267,497700
3/10/2017,68.790001,68.900002,68.199997,68.5,63.564117,362300
3/13/2017,68.449997,68.769997,68.360001,68.739998,63.786842,286300
3/14/2017,68.769997,68.940002,68.400002,68.769997,63.814663,326600
3/15/2017,69.029999,69.209999,68.190002,68.809998,63.851791,413500
3/16/2017,68.849998,69.379997,68.849998,69.290001,64.297203,411400
3/17/2017,69.239998,69.449997,68.989998,69.279999,64.28791,584200
3/20/2017,69.279999,69.279999,68.330002,68.480003,63.545559,281000
3/21/2017,68.879997,68.879997,67.510002,67.739998,62.858879,545400
3/22/2017,67.75,68.440002,67.75,68.360001,63.434219,381600
3/23/2017,68.220001,68.639999,67.940002,68.010002,63.109428,357200
3/24/2017,68.080002,68.360001,67.650002,67.760002,62.877441,237700
3/27/2017,67.379997,67.709999,66.82,67.550003,62.682575,303700
3/28/2017,67.510002,67.940002,67,67.839996,62.95166,364700
3/29/2017,67.879997,67.93,67.239998,67.540001,62.673298,267600
3/30/2017,67.540001,67.980003,67.540001,67.900002,63.00737,245300
3/31/2017,67.790001,68.089996,67.589996,67.949997,63.053749,374900
4/3/2017,67.839996,68.059998,67.209999,67.639999,62.766083,445800
4/4/2017,67.470001,67.809998,66.660004,66.940002,62.116531,516600
4/5/2017,67.150002,67.260002,66.739998,66.889999,62.070137,569300
4/6/2017,66.940002,67.010002,66.5,66.949997,62.125801,317100
4/7/2017,66.660004,67,66.489998,66.660004,61.85672,515700
4/10/2017,66.650002,67.019997,66.5,66.900002,62.079407,316900
4/11/2017,66.900002,67.849998,66.849998,67.790001,62.905273,517300
4/12/2017,67.959999,67.959999,67.370003,67.669998,62.793926,389100
4/13/2017,67.410004,67.550003,66.919998,67.029999,62.20005,408000
4/17/2017,67.089996,67.860001,67.089996,67.839996,62.95166,253900
4/18/2017,67.75,67.959999,67.470001,67.940002,63.044476,359600
4/19/2017,68.089996,68.400002,67.959999,68.230003,63.31358,430400
4/20/2017,68.43,68.690002,68.089996,68.470001,63.536274,395900
4/21/2017,68.610001,68.629997,68.290001,68.459999,63.527012,292300
4/24/2017,69,69.370003,68.800003,69.370003,64.371422,444100
4/25/2017,69.540001,69.93,69.279999,69.720001,64.696228,416700
4/26/2017,69.75,69.910004,69.419998,69.720001,64.696228,397900
4/27/2017,69.949997,70.489998,69.650002,70.190002,65.132339,270500
4/28/2017,70.150002,70.209999,69.599998,69.940002,64.900368,411300
5/1/2017,70,70.07,69.639999,69.900002,64.863251,403300
5/2/2017,69.779999,70.25,69.690002,69.959999,64.91893,522100
5/3/2017,69.870003,69.980003,69.050003,69.370003,64.371422,377900
5/4/2017,69.400002,69.489998,69.080002,69.169998,64.185837,328500
5/5/2017,69.339996,69.550003,68.529999,68.910004,63.944584,501400
5/8/2017,68.699997,68.830002,68.230003,68.379997,63.452778,517600
5/9/2017,68.43,68.620003,68.160004,68.360001,63.434219,518000
5/10/2017,69.400002,71.559998,69.400002,70.760002,65.66127,1037700
5/11/2017,70.690002,70.949997,70.290001,70.800003,65.698402,550500
5/12/2017,70.75,71.330002,70.419998,71.07,65.948921,498500
5/15/2017,71.269997,72.209999,71.18,72.040001,66.849037,567700
5/16/2017,72.040001,73.129997,71.839996,73.050003,67.786263,686300
5/17/2017,73.050003,73.349998,72.120003,72.5,67.275902,706000
5/18/2017,72.349998,73.010002,72.120003,72.330002,67.118149,774100
5/19/2017,72.550003,73.559998,72.43,73.349998,68.064644,458600
5/22/2017,73.620003,74.620003,73.589996,74.139999,68.797707,610700
5/23/2017,74.150002,74.519997,73.410004,74.110001,68.769882,448100
5/24/2017,73.900002,74.940002,73.900002,74.879997,69.484398,474600
5/25/2017,75,76.029999,74.790001,75.779999,70.319542,498500
5/26/2017,75.559998,75.879997,75.160004,75.160004,69.744225,424000
5/30/2017,74.949997,75.690002,74.75,75.239998,69.818474,485400
5/31/2017,75.480003,75.980003,74.989998,75.889999,70.421616,1089000
6/1/2017,76,77.389999,75.970001,77.389999,71.813538,657700
6/2/2017,77.43,78,77.269997,77.650002,72.054802,566200
6/5/2017,77.690002,77.690002,76.830002,76.879997,71.340286,470400
6/6/2017,76.57,77.010002,75.690002,75.849998,70.384506,795200
6/7/2017,76.07,76.370003,75.730003,76.080002,70.597946,419900
6/8/2017,76,76.129997,74.629997,74.739998,69.354485,651000
6/9/2017,74.75,75.239998,73.550003,74.239998,68.890495,692000
6/12/2017,74.099998,74.5,73.57,74.5,69.131775,369600
6/13/2017,74.559998,75.190002,74.410004,75.190002,70.082504,277700
6/14/2017,75.25,75.669998,74.669998,75.160004,70.054543,252700
6/15/2017,74.370003,75.790001,74.25,75.699997,70.557869,306200
6/16/2017,75.489998,75.790001,75.129997,75.360001,70.240936,1444600
6/19/2017,75.870003,76.129997,75.540001,76.050003,70.884079,342300
6/20/2017,76.010002,76.230003,75.639999,75.650002,70.511246,282100
6/21/2017,75.919998,76.199997,75.550003,75.919998,70.762894,461900
6/22/2017,75.989998,76.339996,75.25,76.209999,71.033195,386200
6/23/2017,76.360001,77.019997,76.279999,76.440002,71.247589,478700
6/26/2017,76.610001,76.800003,76.190002,76.529999,71.331451,248000
6/27/2017,76.260002,76.360001,75.57,75.580002,70.446007,319600
6/28/2017,75.860001,76.290001,75.43,76.019997,70.856125,287900
6/29/2017,75.949997,76.150002,74.440002,75.080002,69.97995,412900
6/30/2017,75.330002,76.07,75.129997,75.559998,70.427353,361300
7/3/2017,75.739998,76.160004,75.099998,75.209999,70.101135,191600
7/5/2017,75.279999,76.309998,75.25,75.620003,70.483276,319400
7/6/2017,75.209999,75.290001,74.370003,74.489998,69.430023,434300
7/7/2017,74.489998,75.379997,74.300003,75.230003,70.119789,310300
7/10/2017,75.110001,75.43,74.669998,74.769997,69.691025,486900
7/11/2017,74.760002,74.760002,73.910004,74.519997,69.458023,345000
7/12/2017,75.099998,75.68,75.099998,75.32,70.203659,291100
7/13/2017,75.470001,75.620003,74.660004,74.82,69.737633,330100
7/14/2017,75,75.529999,75,75.209999,70.101135,270000
7/17/2017,75.279999,75.440002,74.470001,74.800003,69.719002,319600
7/18/2017,74.610001,74.989998,74.279999,74.610001,69.541893,316700
7/19/2017,74.980003,75.559998,74.440002,75.529999,70.399399,343700
7/20/2017,75.629997,75.730003,75.129997,75.25,70.138405,294300
7/21/2017,74.93,75.43,74.830002,75.260002,70.147736,336200
7/24/2017,75.279999,76.07,75.099998,75.989998,70.828156,335600
7/25/2017,76.089996,76.870003,75.860001,76.660004,71.452637,649600
7/26/2017,76.650002,76.870003,76.059998,76.080002,70.912048,284400
7/27/2017,76.379997,76.440002,75.019997,75.5,70.371429,444600
7/28/2017,75.550003,75.75,75.269997,75.459999,70.334152,376100
7/31/2017,75.68,76.089996,75.199997,75.860001,70.706985,349200
8/1/2017,76.190002,76.540001,76.059998,76.480003,71.284859,245100
8/2/2017,76.300003,76.300003,75.5,75.709999,70.567162,322000
8/3/2017,75.699997,76.339996,75.449997,76.339996,71.154388,363000
8/4/2017,76.459999,76.459999,75.300003,75.660004,70.520592,327900
8/7/2017,75.75,76.099998,75.220001,75.599998,70.464638,322700
8/8/2017,75.459999,75.599998,74.790001,75.059998,69.961327,360700
8/9/2017,74.779999,75.190002,74.360001,74.650002,69.579178,659600
8/10/2017,72.959999,73.650002,71.580002,72.279999,67.370155,1124600
8/11/2017,71.839996,74.370003,71.839996,74.269997,69.224968,785600
8/14/2017,75.080002,75.82,74.360001,75.730003,70.585831,443700
8/15/2017,75.809998,76.360001,75.559998,76.080002,70.912048,331000
8/16/2017,76.099998,77.419998,75.889999,77.089996,71.853424,428700
8/17/2017,77.089996,77.639999,76.410004,76.459999,71.266228,584800
8/18/2017,76.309998,76.940002,75.889999,76.300003,71.117088,614800
8/21/2017,76.199997,76.839996,76.059998,76.400002,71.210289,455800
8/22/2017,76.620003,76.940002,76.209999,76.889999,71.667015,442700
8/23/2017,76.650002,77.370003,76.269997,76.959999,71.732262,473400
8/24/2017,77.230003,77.290001,76.550003,76.589996,71.387398,493000
8/25/2017,76.879997,77.160004,76.5,76.870003,71.648376,550400
8/28/2017,77.050003,77.220001,76.620003,76.910004,71.685661,320400
8/29/2017,76.650002,77.150002,76.449997,76.779999,71.564468,403800
8/30/2017,76.730003,76.900002,76.290001,76.760002,71.545853,336700
8/31/2017,76.919998,78.239998,76.709999,78.129997,72.822792,664300
9/1/2017,78.139999,78.25,77.470001,78.010002,72.710938,299000
9/5/2017,77.75,78.440002,77.57,78.300003,72.981239,688500
9/6/2017,78.510002,78.669998,77.849998,78.540001,73.204941,455100
9/7/2017,78.730003,79.489998,78.730003,79.07,73.698944,435100
9/8/2017,78.940002,79.370003,78.540001,79.080002,73.70826,420400
9/11/2017,79.519997,80.160004,79.050003,80.160004,74.714897,495800
9/12/2017,80.309998,80.480003,79.32,80.480003,75.013153,383300
9/13/2017,80.199997,80.389999,79.209999,79.550003,74.146324,483700
9/14/2017,79.150002,79.370003,78.529999,79.300003,74.254013,409600
9/15/2017,79.220001,79.529999,78.879997,79.160004,74.122917,820700
9/18/2017,79.309998,79.5,78.800003,78.82,73.80455,369300
9/19/2017,78.970001,79.199997,78.440002,79.110001,74.076103,487800
9/20/2017,79.169998,79.75,79.150002,79.690002,74.619186,261200
9/21/2017,79.639999,79.879997,79.269997,79.870003,74.787743,346300
9/22/2017,79.769997,80.93,79.669998,80.93,75.780273,340300
9/25/2017,80.900002,81.730003,80.739998,81.559998,76.370216,488200
9/26/2017,81.879997,82.019997,81.32,81.339996,76.1642,352300
9/27/2017,81.639999,81.849998,81.019997,81.18,76.014381,529200
9/28/2017,81.160004,81.389999,80.300003,80.620003,75.490036,376000
9/29/2017,80.599998,81.300003,80.57,80.82,75.677284,396100
10/2/2017,80.760002,81.190002,80.699997,81.099998,75.939476,420800
10/3/2017,81.209999,82.099998,80.730003,81.709999,76.510658,709000
10/4/2017,81.870003,81.870003,81.400002,81.709999,76.510658,396200
10/5/2017,81.599998,81.830002,81.459999,81.690002,76.491936,611400
10/6/2017,81.650002,81.809998,81.290001,81.68,76.482574,351100
10/9/2017,81.730003,82.330002,81.690002,82.110001,76.885208,333700
10/10/2017,82.400002,82.540001,81.730003,81.949997,76.735397,378200
10/11/2017,82,82.269997,81.709999,82,76.782204,401000
10/12/2017,82,82.769997,81.800003,82.209999,76.978844,417500
10/13/2017,82.489998,82.800003,82.440002,82.589996,77.334671,237200
10/16/2017,82.739998,83.099998,82.610001,83.099998,77.81221,346000
10/17/2017,83.099998,83.269997,82.529999,82.989998,77.709198,256300
10/18/2017,83.190002,83.730003,83.139999,83.610001,78.289764,365800
10/19/2017,83.25,83.849998,83.120003,83.669998,78.34594,241900
10/20/2017,84.239998,84.580002,84.040001,84.360001,78.992043,287800
10/23/2017,84.360001,84.589996,84.239998,84.330002,78.963943,185800
10/24/2017,84.360001,84.699997,84.07,84.379997,79.010757,274200
10/25/2017,84.400002,84.559998,83.809998,84.260002,78.898399,315100
10/26/2017,84.580002,85.290001,84.550003,85.080002,79.666222,277700
10/27/2017,85.580002,85.970001,84.809998,85.949997,80.480865,373800
10/30/2017,85.959999,85.959999,85.199997,85.639999,80.190575,286900
10/31/2017,85.690002,86.220001,85.519997,85.919998,80.452766,412100
11/1/2017,86.139999,86.720001,85.879997,86.419998,80.920959,401700
11/2/2017,86.209999,86.550003,86.07,86.260002,80.771126,339000
11/3/2017,86.5,87.099998,86.290001,86.839996,81.314217,266800
11/6/2017,86.839996,87.709999,86.839996,87.160004,81.613876,462900
11/7/2017,87.239998,87.5,86.839996,87.370003,81.810509,383500
11/8/2017,88.120003,91.75,88.120003,90.480003,84.722603,1142500
11/9/2017,90.75,90.75,87.349998,87.830002,82.241241,966600
11/10/2017,87.690002,88.760002,87.5,88.449997,82.821785,638400
11/13/2017,88.339996,88.68,87.449997,87.580002,82.007156,813700
11/14/2017,87.43,89.75,86.800003,89.709999,84.001595,833100
11/15/2017,89.559998,89.849998,88.43,88.720001,83.074608,427300
11/16/2017,89,89.25,88.440002,88.660004,83.018417,786400
11/17/2017,88.489998,89.300003,88.410004,89.25,83.570869,570000
11/20/2017,89.720001,89.949997,89.309998,89.82,84.104599,681700
11/21/2017,90.379997,91.050003,89.739998,90.699997,84.928589,576500
11/22/2017,90.699997,90.989998,88.400002,88.75,83.102707,679800
11/24/2017,88.910004,89.5,88.809998,89.339996,83.655151,255100
11/27/2017,89.43,89.540001,88.949997,89.040001,83.374237,465900
11/28/2017,89.400002,90.230003,89.389999,90.209999,84.46978,559400
11/29/2017,90.470001,90.599998,88.82,89.120003,83.449165,592500
11/30/2017,89.5,90.470001,89.150002,90.260002,84.516602,1555600
12/1/2017,90.110001,90.599998,88.779999,90.129997,84.39489,498000
12/4/2017,90.809998,91.080002,89.870003,90.169998,84.432327,503500
12/5/2017,88.779999,90.059998,88.120003,88.559998,82.924774,695200
12/6/2017,88.269997,89.379997,88.129997,88.650002,83.009048,434700
12/7/2017,88.75,89.360001,88.519997,89.269997,83.589584,452400
12/8/2017,89.629997,90.150002,89.339996,89.529999,83.833054,427000
12/11/2017,89.309998,89.93,89.309998,89.800003,84.085884,470400
12/12/2017,89.669998,89.919998,89.25,89.379997,83.692612,464800
12/13/2017,89.349998,90.519997,89.220001,89.480003,83.786232,465300
12/14/2017,89.25,89.690002,88.540001,88.839996,83.527657,415100
12/15/2017,89.029999,90.129997,89.029999,90.029999,84.64653,795200
12/18/2017,90.489998,91.339996,90.040001,90.919998,85.483307,872900
12/19/2017,90.889999,91.580002,90.510002,91.160004,85.708969,434800
12/20/2017,91.459999,91.879997,90.800003,91.160004,85.708969,510200
12/21/2017,91.519997,92.440002,91.480003,91.610001,86.132042,411600
12/22/2017,91.940002,91.940002,90.779999,90.949997,85.511513,351800
12/26/2017,91,91.230003,90.650002,90.860001,85.42688,181900
12/27/2017,90.849998,91.160004,90.68,90.830002,85.398689,197700
12/28/2017,91.230003,91.230003,90.459999,90.879997,85.445702,235700
12/29/2017,90.989998,91.410004,90.550003,90.580002,85.163635,292100
1/2/2018,90.720001,91.199997,90.43,90.800003,85.370483,571100
1/3/2018,90.709999,91.110001,90.379997,90.720001,85.295273,414700
1/4/2018,90.989998,91.980003,90.989998,91.440002,85.972221,349100
1/5/2018,91.82,92.650002,91.690002,92.559998,87.02523,258800
1/8/2018,92.550003,93.660004,92.489998,93.129997,87.561142,439000
1/9/2018,93.190002,93.830002,92.889999,93.309998,87.730392,451700
1/10/2018,93.120003,93.620003,91.889999,92.980003,87.42012,402200
1/11/2018,93.199997,93.550003,92.620003,93.449997,87.862015,455600
1/12/2018,93.639999,94.309998,93.07,94.040001,88.416748,361600
1/16/2018,94.410004,94.639999,93.610001,94.07,88.444954,375700
1/17/2018,94.459999,95.480003,94.220001,95.18,89.488579,298000
1/18/2018,95.239998,95.470001,94.900002,95.129997,89.441559,360600
1/19/2018,95.370003,96,95.199997,95.93,90.193733,289300
1/22/2018,95.900002,97,95.900002,96.860001,91.068115,587500
1/23/2018,96.730003,97.540001,96.449997,96.650002,90.870659,276000
1/24/2018,96.879997,97.150002,95.730003,96.18,90.428764,275600
1/25/2018,96.5,96.760002,96.029999,96.379997,90.616814,295000
1/26/2018,96.449997,97.510002,95.830002,97.43,91.604034,262200
1/29/2018,97.080002,97.519997,96.790001,96.82,91.030518,377500
1/30/2018,96.5,97.389999,96.419998,96.419998,90.654434,421800
1/31/2018,96.580002,96.779999,95.720001,96.410004,90.64502,549400
2/1/2018,96.290001,96.599998,95.379997,96.18,90.428764,407800
2/2/2018,95.489998,96.25,94.769997,94.769997,89.103073,390900
2/5/2018,94,94.580002,90.620003,90.620003,85.201248,680800
2/6/2018,89.199997,91.519997,87.510002,90.870003,85.436302,843600
2/7/2018,90.800003,92.110001,90.419998,91.639999,86.160263,648900
2/8/2018,94.010002,94.5,90.730003,90.739998,85.314056,850200
2/9/2018,91.779999,92.660004,89.5,92.190002,86.677368,902500
2/12/2018,91.800003,94.639999,91.68,93.879997,88.266304,1341400
2/13/2018,93.75,95.879997,93.370003,95.489998,89.780037,1079100
2/14/2018,95.470001,97.43,95.010002,97.339996,91.519424,747300
2/15/2018,98.010002,99.029999,96.839996,99,93.080154,662600
2/16/2018,99.220001,99.220001,98.220001,98.779999,92.873306,684900
2/20/2018,98.239998,99.440002,97.940002,98.589996,92.694679,720700
2/21/2018,98.599998,100.75,98.480003,99.139999,93.211784,750900
2/22/2018,99.489998,100.480003,98.959999,99.849998,93.879341,911800
2/23/2018,100.18,101.400002,99.769997,101.379997,95.317825,668800
2/26/2018,101.449997,101.980003,100.209999,100.970001,94.932343,811600
2/27/2018,101.050003,102.199997,100.769997,100.809998,94.781929,698900
2/28/2018,101.07,101.779999,100.300003,100.379997,94.377625,713800
3/1/2018,100.529999,100.559998,98.699997,99.489998,93.540871,612200
3/2/2018,98.639999,102.410004,98.540001,102.339996,96.220428,994200
3/5/2018,101.779999,103.529999,101.050003,103.32,97.14183,1338000
3/6/2018,103.889999,105.580002,103.089996,105.550003,99.238487,1004200
3/7/2018,104.830002,106.75,104.449997,106.07,99.727379,1030900
3/8/2018,106.559998,106.940002,105.82,106.779999,100.394928,607100
3/9/2018,107.239998,108.470001,107.019997,108.349998,101.871048,670500
3/12/2018,108.660004,108.980003,107.82,108.57,102.077904,454500
3/13/2018,108.910004,109.129997,107.760002,108.370003,101.889854,832300
3/14/2018,108.529999,108.849998,107.739998,107.809998,101.705887,1238600
3/15/2018,107.919998,108.029999,106.589996,107.120003,101.054955,1287700
3/16/2018,107.330002,108,106.980003,107.279999,101.205917,2663600
3/19/2018,106.800003,107.110001,105.949997,106.919998,100.866287,986400
3/20/2018,106.959999,109.190002,106.959999,108.900002,102.734184,1147700
3/21/2018,108.910004,109.089996,108.110001,108.730003,102.573807,465200
3/22/2018,108.010002,108.75,106.330002,106.330002,100.309692,596400
3/23/2018,106.510002,107.580002,104.559998,104.690002,98.762535,833300
3/26/2018,105.75,108.230003,105.300003,108,101.885132,607000
3/27/2018,108.82,109.089996,106.629997,107.339996,101.262489,1066200
3/28/2018,107.330002,107.580002,106.150002,107.139999,101.073822,852400
3/29/2018,107.769997,110.050003,106.970001,109.690002,103.479446,953800
4/2/2018,109.110001,110,106.169998,107.510002,101.422882,1278000
4/3/2018,109.110001,109.110001,106.599998,107.989998,101.875694,1204100
4/4/2018,106.519997,108.690002,106.089996,108.580002,102.432312,772300
4/5/2018,109.029999,109.330002,108.309998,109.010002,102.837944,684700
4/6/2018,108.279999,108.809998,105.879997,106.550003,100.517235,501900
4/9/2018,107.059998,108.519997,106.860001,106.889999,100.838005,526500
4/10/2018,108.25,108.599998,107.239998,108.150002,102.026649,706300
4/11/2018,107.489998,108.519997,106.970001,107.230003,101.158737,722000
4/12/2018,107.489998,107.970001,107.199997,107.199997,101.13044,583400
4/13/2018,107.68,107.68,106.18,107.029999,100.970062,395600
4/16/2018,107.449997,109.709999,107.32,109.709999,103.498337,924000
4/17/2018,110.150002,112.400002,109.970001,112.120003,105.771873,944900
4/18/2018,112.080002,112.589996,111.580002,111.699997,105.375648,714200
4/19/2018,111.260002,112.32,110.550003,110.959999,104.677551,425400
4/20/2018,110.989998,111.290001,109.449997,109.849998,103.630379,432700
4/23/2018,110.300003,110.610001,109.379997,109.809998,103.592651,395300
4/24/2018,110.589996,110.790001,107.82,108.790001,102.630417,502400
4/25/2018,108.449997,108.620003,106.730003,107.360001,101.28138,660200
4/26/2018,108.169998,108.889999,107.550003,108.129997,102.007782,749500
4/27/2018,108.080002,108.349998,107.010002,107.410004,101.328545,552100
4/30/2018,107.75,108.489998,107.059998,107.209999,101.139847,539700
5/1/2018,107.199997,108.279999,106.620003,108.010002,101.894577,717700
5/2/2018,108.029999,108.400002,106.57,107.389999,101.309669,524800
5/3/2018,107,108.18,106.510002,107.809998,101.705887,742800
5/4/2018,107.300003,109.169998,106.610001,108.57,102.422867,704400
5/7/2018,108.599998,109,107.519997,108.449997,102.309669,928800
5/8/2018,109,114.190002,108.970001,112.199997,105.847336,1463700
5/9/2018,112.599998,114.43,112.209999,113.879997,107.432213,984500
5/10/2018,114.730003,117.290001,114.349998,117.269997,110.63028,967100
5/11/2018,117.260002,118.339996,116.900002,117.519997,110.866104,1023100
5/14/2018,117.540001,118.360001,115.919998,116.029999,109.460495,784000
5/15/2018,115.43,116,114.889999,115.610001,109.06427,906900
5/16/2018,115.790001,115.970001,114.889999,115.089996,108.573715,921500
5/17/2018,115.010002,115.25,113.360001,113.809998,107.366188,959500
5/18/2018,113.830002,115.040001,113.830002,114.760002,108.26239,760700
5/21/2018,115.269997,116,114.610001,115.540001,108.998245,793000
5/22/2018,115.739998,115.989998,114.040001,114.309998,107.837875,629300
5/23/2018,113.900002,116.059998,113.699997,116.029999,109.460495,542500
5/24/2018,116.040001,118.129997,115.639999,116.25,109.668022,611100
5/25/2018,116.300003,117.669998,115.879997,115.910004,109.34729,771300
5/29/2018,115.25,115.779999,113.900002,114.18,107.715225,1006900
5/30/2018,115.010002,116.559998,115.010002,116.18,109.601997,733200
5/31/2018,116.449997,116.879997,115.32,115.449997,108.913322,932000
6/1/2018,116.300003,116.849998,116.010002,116.279999,109.696335,757800
6/4/2018,116.660004,118.290001,116.650002,117.860001,111.186882,700700
6/5/2018,117.830002,118.669998,117.629997,117.790001,111.120842,1127800
6/6/2018,117.800003,119.650002,117.57,119.629997,112.856659,940200
6/7/2018,119.629997,119.75,117.849998,118.769997,112.045349,765100
6/8/2018,118.809998,119.989998,118.730003,119.400002,112.639679,756800
6/11/2018,118.150002,118.910004,117.120003,117.32,110.677444,1811600
6/12/2018,117.290001,117.519997,115.849998,116.230003,109.64917,1342900
6/13/2018,116.690002,117.150002,113.809998,115.739998,109.186913,2019600
6/14/2018,115.43,116.260002,114.459999,114.889999,108.727943,1856000
6/15/2018,114.860001,115.970001,114.029999,114.379997,108.24527,25107800
6/18/2018,114.080002,116.620003,113.599998,116.459999,110.213715,2580400
6/19/2018,115.459999,116.260002,114.580002,116.160004,109.92981,1446600
6/20/2018,116.379997,117.400002,116.300003,116.910004,110.639587,718000
6/21/2018,117.139999,117.970001,116.639999,116.790001,110.526016,831800
6/22/2018,117.199997,117.459999,115.949997,116.480003,110.232643,1569600
6/25/2018,116.339996,116.400002,113.849998,114.459999,108.320976,839300
6/26/2018,115.120003,115.910004,114.389999,114.970001,108.803627,800000
6/27/2018,115.57,116.360001,113.209999,113.209999,107.138023,871100
6/28/2018,113.330002,114.779999,113.330002,114.529999,108.387238,654400
6/29/2018,114.769997,116.059998,114.220001,115.099998,108.926659,1353500
7/2/2018,114.510002,115.989998,114.489998,115.910004,109.693214,572300
7/3/2018,116.550003,117.059998,115.720001,116.209999,109.977112,412000
7/5/2018,116.739998,117.339996,115.279999,115.900002,109.683754,732300
7/6/2018,115.900002,116.839996,115.559998,116.589996,110.336746,661300
7/9/2018,116.959999,117.529999,116.639999,117.339996,111.046509,600400
7/10/2018,117.540001,117.940002,116.849998,117.300003,111.008659,618400
7/11/2018,116.730003,117.849998,116.709999,117.5,111.197937,658200
7/12/2018,117.919998,119.470001,117.839996,119.400002,112.996017,978400
7/13/2018,119.25,119.779999,117.879997,117.970001,111.642731,502500
7/16/2018,118.059998,118.620003,117.559998,117.720001,111.406143,630400
7/17/2018,117.330002,118.529999,117.190002,118.260002,111.917175,732800
7/18/2018,118.110001,118.220001,117.080002,118.169998,111.831993,1560700
7/19/2018,118.050003,119.080002,117.580002,118.690002,112.324104,877200
7/20/2018,118.559998,119,117.849998,118.5,112.144295,587200
7/23/2018,118.550003,118.949997,117.980003,118.900002,112.52285,516600
7/24/2018,119.349998,119.669998,117.660004,118.150002,111.81308,660600
7/25/2018,118.400002,120,117.580002,119.959999,113.525986,547700
7/26/2018,120,120.650002,119.260002,119.379997,112.977104,383300
7/27/2018,119.769997,119.980003,116.610001,117.32,111.027596,395500
7/30/2018,117.099998,117.099998,112.360001,113.099998,107.033928,680600
7/31/2018,113.489998,113.940002,112.230003,112.980003,106.920372,1245000
8/1/2018,112.980003,113.580002,111.650002,112.559998,106.522873,1173700
8/2/2018,112.339996,114.669998,112.120003,114.510002,108.368301,884700
8/3/2018,114.550003,115.029999,113.550003,114.989998,108.822563,484800
8/6/2018,114.989998,116.25,114.769997,116.199997,109.967651,1208600
8/7/2018,119.120003,129.75,118,129.169998,122.24202,2981900
8/8/2018,129.839996,130.839996,128.5,129.449997,122.506989,1107500
8/9/2018,130.089996,131.210007,129.110001,129.729996,122.771988,927000
8/10/2018,129.160004,130.779999,128.960007,129.369995,122.431297,694200
8/13/2018,129.419998,131.169998,128.960007,129.020004,122.100075,785800
8/14/2018,129.289993,130.580002,128.529999,130.100006,123.122131,701100
8/15/2018,129.520004,130.070007,128.550003,129.860001,122.895004,654700
8/16/2018,130.919998,132.759995,130.139999,132.309998,125.213608,877200
8/17/2018,132.009995,133.300003,131.75,133.229996,126.084274,1614000
8/20/2018,133.809998,134.479996,132.850006,133.320007,126.169449,703600
8/21/2018,133.660004,134.639999,132.660004,132.850006,125.72467,659200
8/22/2018,132.389999,132.940002,131.630005,132.720001,125.601631,503600
8/23/2018,132.309998,133.570007,132.089996,133.220001,126.074806,703900
8/24/2018,133.410004,134.679993,132.910004,134.330002,127.125267,371400
8/27/2018,134.75,135.130005,133.789993,133.869995,126.689941,560600
8/28/2018,134.009995,134.220001,132.630005,133.110001,125.970695,491900
8/29/2018,134.139999,135.649994,133.210007,135.350006,128.090546,995600
8/30/2018,135.300003,135.539993,133.910004,134.649994,127.428108,574300
8/31/2018,134.570007,135.360001,134.199997,135.139999,127.891846,616600
9/4/2018,135.25,136.759995,133.490005,136.619995,129.292435,890800
9/5/2018,137.320007,137.669998,134.149994,135.639999,128.365005,730100
9/6/2018,135.570007,137.080002,134.850006,136.979996,129.633133,689200
9/7/2018,136.660004,137.860001,135.770004,136.199997,128.894943,700700
9/10/2018,136.339996,137.050003,135.460007,136.830002,129.491196,582200
9/11/2018,136.669998,137.589996,136.100006,136.710007,129.37764,626800
9/12/2018,136.789993,137.199997,135.809998,136.820007,129.48175,519900
9/13/2018,137.050003,137.779999,136.410004,136.860001,129.519562,754000
9/14/2018,136.979996,138.240005,136.029999,137.720001,130.333435,551500
9/17/2018,137.339996,137.919998,134.619995,134.789993,128.011383,554200
9/18/2018,134.970001,135.779999,134.660004,135.350006,128.543243,578000
9/19/2018,134.899994,135.839996,132.089996,132.660004,125.988525,751800
9/20/2018,133.259995,133.369995,131.600006,132.990005,126.301918,942500
9/21/2018,133.279999,134.479996,131.160004,132.649994,125.979019,1371800
9/24/2018,131.800003,133.910004,131.119995,133.460007,126.748283,610400
9/25/2018,133.889999,134.610001,133.160004,134.149994,127.403603,600300
9/26/2018,134.320007,134.929993,132.089996,132.289993,125.637123,821500
9/27/2018,132.289993,133.210007,130.830002,131.240005,124.639923,877700
9/28/2018,131.210007,133.039993,131.039993,131.949997,125.314209,1102000
10/1/2018,132.649994,133.699997,129.580002,130.070007,123.52877,913700
10/2/2018,130.149994,130.479996,127.949997,129.580002,123.063416,574900
10/3/2018,130,130.360001,129.059998,129.720001,123.196388,634900
10/4/2018,129.759995,129.789993,127.029999,127.57,121.154488,575600
10/5/2018,127.599998,128.539993,125.589996,126.900002,120.518196,676100
10/8/2018,126.489998,127,123.370003,125.160004,118.8657,1025100
10/9/2018,124.809998,126.040001,123.099998,125.589996,119.274063,720500
10/10/2018,125.260002,125.550003,118.629997,118.849998,112.873024,904000
10/11/2018,118.370003,119.650002,115.419998,115.730003,109.909927,1158800
10/12/2018,118.400002,118.910004,116.07,117.349998,111.448448,1484700
10/15/2018,117.32,117.440002,115.699997,115.75,109.928925,957700
10/16/2018,116.669998,118.82,115.809998,118.650002,112.683083,1438500
10/17/2018,118.639999,119.269997,117.510002,118.809998,112.835037,679400
10/18/2018,118.629997,119.589996,117.220001,118.589996,112.626091,941700
10/19/2018,119.160004,120.540001,116.870003,116.959999,111.078079,645600
10/22/2018,117.529999,119.309998,116.75,118.279999,112.331688,522300
10/23/2018,116.620003,117.629997,114.169998,116.879997,111.002098,788800
10/24/2018,116.580002,117.919998,112.239998,112.480003,106.82338,801900
10/25/2018,114.099998,117.470001,113.419998,116.620003,110.755165,949100
10/26/2018,114.300003,116.349998,113.459999,114.190002,108.44738,936600
10/29/2018,115.620003,116.720001,111.360001,113.300003,107.602142,1472000
10/30/2018,113.699997,115.269997,112.839996,114.25,108.504349,701300
10/31/2018,116.029999,118.5,115.540001,116.940002,111.059074,759700
11/1/2018,117.209999,117.400002,115.110001,116.709999,110.840645,665600
11/2/2018,117.07,119.360001,115.580002,116.309998,110.460762,756900
11/5/2018,116.709999,117.440002,115.050003,116.580002,110.717194,875100
11/6/2018,118.220001,119.889999,102.510002,105.269997,99.97596,3074600
11/7/2018,106.330002,109.419998,106.290001,108.68,103.214478,2026500
11/8/2018,108.459999,108.940002,106.410004,107.519997,102.112816,1186000
11/9/2018,106.400002,107.730003,105.589996,107.209999,101.818382,1252000
11/12/2018,107.160004,108.75,106.019997,106.239998,100.897179,1271600
11/13/2018,106.470001,107.599998,104.93,105.419998,100.118423,1130000
11/14/2018,106.230003,107.290001,104.82,105.5,100.194397,1226000
11/15/2018,104.959999,106.629997,103.940002,105.889999,100.564774,1092300
11/16/2018,105.339996,106.43,104.720001,104.720001,99.453629,1923600
11/19/2018,104.830002,105.279999,100.75,101.160004,96.072662,1174500
11/20/2018,98.110001,100.82,96.339996,98.410004,93.460953,1377300
11/21/2018,99.150002,100.839996,98.550003,100.199997,95.160934,1255100
11/23/2018,99.150002,100.389999,98.550003,98.949997,93.973808,545000
11/26/2018,99.029999,99.940002,98.169998,98.910004,93.935806,1705300
11/27/2018,98.849998,99.139999,97.779999,98.690002,93.726883,1567500
11/28/2018,99.199997,102.480003,98.900002,102.440002,97.288292,2400000
11/29/2018,101.989998,102.849998,100.779999,101.769997,96.65197,1132500
11/30/2018,101.559998,105.870003,101.43,105.870003,100.545792,3781100
12/3/2018,107.169998,107.279999,102.669998,104.650002,99.387154,1918800
12/4/2018,104.410004,105.209999,102.300003,103.089996,97.905602,1900900
12/6/2018,100.959999,101.849998,98.769997,100.720001,95.654793,1557600
12/7/2018,100.470001,101.550003,97.849998,98.639999,93.679398,914100
12/10/2018,98.660004,99.940002,97.459999,99.379997,94.382172,721100
12/11/2018,100.809998,101.349998,97.760002,98.790001,93.821854,740300
12/12/2018,100.07,101.919998,99.889999,99.989998,94.961479,993600
12/13/2018,99.910004,100.220001,97.669998,97.910004,93.439323,722300
12/14/2018,96.900002,98.099998,96.339996,96.629997,92.217773,1082300
12/17/2018,96.400002,96.910004,94.07,94.790001,90.461784,1833100
12/18/2018,95.650002,96.389999,94.75,96.010002,91.626076,1168200
12/19/2018,96.040001,99.309998,95.510002,96.199997,91.807404,1627100
12/20/2018,95.410004,96.550003,93.75,95.660004,91.292068,1452600
12/21/2018,95.690002,97.43,93.650002,93.93,89.64106,1873100
12/24/2018,93.330002,93.540001,91.610001,91.790001,87.598763,640400
12/26/2018,92.260002,95.699997,91.339996,95.510002,91.148911,965600
12/27/2018,94.620003,96.029999,92.75,95.860001,91.482941,763200
12/28/2018,96.260002,96.550003,94.040001,95.129997,90.786263,671800
12/31/2018,95.629997,96.730003,95.150002,96.25,91.855125,586000
1/2/2019,94.760002,96,94.400002,95.080002,90.738548,574500
1/3/2019,93.839996,95.029999,92.440002,93.650002,89.37384,1204700
1/4/2019,94.540001,97.410004,94.540001,96.879997,92.45636,727800
1/7/2019,96.720001,97.550003,96.120003,97.150002,92.714035,1300600
1/8/2019,98.43,98.82,97.400002,98.360001,93.868774,704300
1/9/2019,98.400002,99.040001,97.889999,98.519997,94.021461,541900
1/10/2019,98.290001,99.279999,97.629997,99.120003,94.59407,591000
1/11/2019,98.330002,98.800003,97.709999,98.779999,94.269608,384400
1/14/2019,97.739998,99.43,97.639999,98.900002,94.384132,896600
1/15/2019,99.150002,100.379997,98.93,100.040001,95.472061,499100
1/16/2019,100.120003,100.25,98.690002,99.370003,94.832664,619100
1/17/2019,99.269997,100.650002,99.160004,100.110001,95.538864,438300
1/18/2019,101.010002,101.779999,100.389999,101.309998,96.684059,662500
1/22/2019,100.949997,101.089996,99,99.639999,95.090332,853300
1/23/2019,100.080002,100.449997,99.059998,99.809998,95.252556,719200
1/24/2019,100.190002,100.879997,99.800003,100.800003,96.19738,401800
1/25/2019,101.599998,102.160004,101.110001,101.839996,97.18988,423900
1/28/2019,100.809998,101.330002,100.059998,100.550003,95.958778,320900
1/29/2019,100.400002,100.43,98.790001,99.900002,95.338455,460300
1/30/2019,100.419998,100.809998,99.120003,100.800003,96.19738,501600
1/31/2019,100.519997,100.879997,99.349998,100.830002,96.226006,1382600
2/1/2019,100.870003,103.739998,100.709999,102.980003,98.277809,1038100
2/4/2019,103.150002,103.489998,102.220001,103.419998,98.697731,778300
2/5/2019,103.489998,104.349998,103.050003,104.349998,99.585274,968000
2/6/2019,104.010002,104.349998,103.110001,103.540001,98.812248,907600
2/7/2019,99.849998,101,93.769997,96.889999,92.465904,2857500
2/8/2019,97.68,98.989998,97.110001,97.529999,93.076675,1396500
2/11/2019,97.779999,100.599998,97.75,98.309998,93.821053,1504900
2/12/2019,98.769997,99.480003,97.599998,99.379997,94.842201,1087800
2/13/2019,99.980003,100.230003,99.019997,99.739998,95.18576,1300100
2/14/2019,99.339996,99.849998,98.639999,99.459999,94.918549,645400
2/15/2019,100.209999,101.050003,99.660004,100.349998,95.767906,1051000
2/19/2019,100.019997,100.300003,99.059998,99.830002,95.271652,1130900
2/20/2019,99.959999,100.889999,99.620003,100.160004,95.586594,1266500
2/21/2019,100.32,100.599998,99.459999,99.599998,95.052155,1103100
2/22/2019,100,101.050003,99.300003,100.839996,96.235542,615200
2/25/2019,101.419998,101.419998,99.43,99.559998,95.013992,643700
2/26/2019,99.440002,101.07,99.07,100.860001,96.254631,798800
2/27/2019,100.440002,102.110001,99.790001,102.059998,97.399834,1262400
2/28/2019,101.940002,102.449997,101.129997,101.25,96.626823,886600
3/1/2019,101.989998,101.989998,100.730003,101.489998,96.855858,739200
3/4/2019,101.800003,102.43,99.269997,99.650002,95.099876,1082400
3/5/2019,99.739998,100.199997,99.220001,99.5,94.956718,652000
3/6/2019,99.550003,100.150002,98.779999,98.849998,94.336411,860300
3/7/2019,98.599998,98.860001,97.370003,98.620003,94.116913,1036000
3/8/2019,97.809998,99.080002,97.459999,98.940002,94.422287,1004600
3/11/2019,99.150002,99.660004,97.989998,99.489998,94.947189,1038000
3/12/2019,99.849998,100.760002,99.709999,100.440002,95.853798,729600
3/13/2019,101.989998,104.400002,101.230003,103.480003,98.755013,1697900
3/14/2019,103.489998,103.760002,102.480003,103.610001,99.344658,1116000
3/15/2019,103.660004,104.489998,103.239998,103.550003,99.287148,1503800
3/18/2019,103.919998,104.769997,102.690002,103.330002,99.076202,976300
3/19/2019,103.309998,104.089996,102.809998,102.970001,98.731026,787700
3/20/2019,102.660004,102.910004,101.260002,101.760002,97.570839,1017600
3/21/2019,101.360001,103.309998,100.379997,102.779999,98.548851,825000
3/22/2019,102.480003,102.720001,100.160004,100.370003,96.23806,865300
3/25/2019,100,100.669998,99.309998,100.349998,96.218872,872200
3/26/2019,100.849998,101.75,100.019997,100.760002,96.612,655100
3/27/2019,100.980003,101.269997,100.059998,101.07,96.909233,629400
3/28/2019,101.5,102.760002,101.230003,102.699997,98.47213,751800
3/29/2019,103.339996,103.849998,102.110001,103.690002,99.421387,711700
4/1/2019,104.510002,105.150002,104.080002,104.989998,100.667862,539200
4/2/2019,105.230003,105.510002,104.470001,105.18,100.850052,548800
4/3/2019,105.769997,107.760002,105.269997,107.599998,103.17041,1229400
4/4/2019,107.440002,108.230003,106.559998,107.339996,102.921112,898200
4/5/2019,107.529999,109.290001,107.040001,109.169998,104.675797,1594800
4/8/2019,109.050003,109.440002,108.260002,109.220001,104.723732,1081100
4/9/2019,108.480003,109.389999,108.440002,109.230003,104.733315,1063500
4/10/2019,109.160004,109.870003,108.959999,109.5,104.992188,559500
4/11/2019,109.760002,110.339996,109.18,110.300003,105.75927,957700
4/12/2019,110.879997,111.529999,110.209999,111.489998,106.900269,652800
4/15/2019,111.449997,112.480003,111.18,112.449997,107.82074,982500
4/16/2019,112.559998,113.279999,112.400002,113.25,108.587822,1770400
4/17/2019,113.660004,115.07,112.949997,114,109.306953,2429300
4/18/2019,113.68,113.839996,112.129997,112.790001,108.146767,836400
4/22/2019,112.419998,113.449997,112.110001,113.389999,108.722076,498500
4/23/2019,113.830002,115.239998,113.800003,115.07,110.332901,1096900
4/24/2019,115.629997,117.580002,114.900002,116.949997,112.13549,1265500
4/25/2019,116.68,117.209999,115.57,117.059998,112.240982,767900
4/26/2019,117.239998,117.980003,116.699997,117.93,113.075165,438800
4/29/2019,118,118.089996,117.5,117.769997,112.921738,648100
4/30/2019,118.080002,118.650002,116.82,118.129997,113.26693,815600
5/1/2019,118.339996,118.459999,117.029999,117.059998,112.240982,489200
5/2/2019,116.760002,118.279999,116.32,117,112.183441,690700
5/3/2019,117.760002,117.93,117.080002,117.769997,112.921738,685200
5/6/2019,115.839996,118.230003,115.269997,118.029999,113.171051,954400
5/7/2019,117.769997,117.769997,114.529999,115.230003,110.486305,1197800
5/8/2019,115.07,117.010002,114.709999,115.779999,111.013657,735600
5/9/2019,114.720001,117.440002,114.660004,117.07,112.250572,1158100
5/10/2019,116.559998,119.769997,115.980003,119.199997,114.292877,1100100
5/13/2019,117.230003,118.32,116.839996,117.300003,112.471092,1389900
5/14/2019,117.940002,119.639999,117.470001,118.709999,113.823059,1076300
5/15/2019,118.089996,121.010002,117.93,120.650002,115.683197,946700
5/16/2019,121.089996,123.459999,121.089996,122.43,117.389915,908100
5/17/2019,121.230003,122.849998,121.230003,121.639999,116.632439,640900
5/20/2019,120.830002,122.260002,120.57,122.160004,117.13102,654400
5/21/2019,123.080002,124.330002,122.870003,123.889999,118.789803,782900
5/22/2019,123.610001,124.720001,123.050003,123.169998,118.099457,778000
5/23/2019,122.269997,123.07,121.720001,122.940002,117.878906,693400
5/24/2019,123.709999,124.419998,122.790001,123.900002,118.7994,916100
5/28/2019,124.279999,125.769997,123.730003,123.82,118.722694,1410100
5/29/2019,123.080002,124.589996,122.540001,123.790001,118.693909,1301700
5/30/2019,123.849998,124.82,123.730003,124.620003,119.489761,710800
5/31/2019,123.519997,125.559998,123.519997,124.870003,119.729454,995100
6/3/2019,124.940002,125.599998,122.449997,123.120003,118.051506,1852400
6/4/2019,124.279999,126.300003,123.580002,126.300003,121.100594,748300
6/5/2019,126.760002,128.199997,125.839996,127.809998,122.548424,685800
6/6/2019,127.75,128.880005,127.18,128.320007,123.037445,674400
6/7/2019,129.339996,131.410004,129.270004,131.020004,125.626289,823600
6/10/2019,131.899994,133.449997,131.570007,132.139999,126.700188,535900
6/11/2019,133.119995,133.270004,130.5,131.050003,125.655052,636500
6/12/2019,131.179993,132.309998,131.039993,131.460007,126.048172,507800
6/13/2019,131.460007,131.800003,129.990005,131.149994,126.216576,574900
6/14/2019,131.220001,131.570007,130.130005,130.149994,125.254211,478000
6/17/2019,130.649994,131.149994,129.440002,129.699997,124.821136,601000
6/18/2019,130.190002,130.910004,129.580002,130.039993,125.148346,697400
6/19/2019,130.059998,130.75,129.039993,130.559998,125.648766,510900
6/20/2019,131.820007,132.309998,129.990005,130.550003,125.639175,547100
6/21/2019,130.550003,130.550003,128.589996,128.720001,123.878006,1509000
6/24/2019,129.360001,129.660004,127.949997,128.440002,123.608513,576600
6/25/2019,128.850006,129.300003,127.75,128.059998,123.242821,606000
6/26/2019,128.399994,129.570007,127.269997,127.330002,122.540291,537300
6/27/2019,127.779999,129.550003,126.900002,128.699997,123.858749,1325700
6/28/2019,128.970001,129.289993,127.120003,127.68,122.877106,1255500
7/1/2019,129.320007,129.5,128.070007,129.369995,124.503548,693700
7/2/2019,129.660004,131.139999,129.449997,131.089996,126.158852,692400
7/3/2019,130.869995,132.050003,130.679993,131.850006,126.890251,375000
7/5/2019,131.669998,132.520004,130.860001,132.449997,127.467674,560200
7/8/2019,132.050003,132.440002,131.190002,131.220001,126.283951,483900
7/9/2019,130.619995,131.25,130.229996,131.059998,126.129967,614800
7/10/2019,131.470001,132.690002,130.880005,131.160004,126.226227,435100
7/11/2019,131.679993,132.210007,130.929993,132.190002,127.217453,469600
7/12/2019,132.830002,133.169998,131.919998,132.369995,127.390694,510200
7/15/2019,132.539993,133.220001,131.690002,132.589996,127.602425,346300
7/16/2019,132.830002,133.110001,131.979996,132.25,127.275215,327900
7/17/2019,132.570007,133.600006,131.979996,133.199997,128.189468,402100
7/18/2019,133.119995,134.919998,133.119995,134.869995,129.796661,329700
7/19/2019,135.429993,136.990005,133.050003,133.119995,128.112488,546100
7/22/2019,133.869995,134.119995,132.440002,132.639999,127.650551,577700
7/23/2019,132.729996,134.779999,132.449997,134.169998,129.123016,438100
7/24/2019,133.929993,134.619995,132.729996,134.160004,129.113373,338500
7/25/2019,134.899994,136.369995,134.050003,134.619995,129.556061,642800
7/26/2019,134.899994,135.220001,133.889999,134.399994,129.34433,742200
7/29/2019,134.669998,134.839996,133.070007,133.729996,128.699539,576200
7/30/2019,132.740005,133.149994,130.949997,131.240005,126.3032,749000
7/31/2019,128.820007,129.559998,126.449997,127.120003,122.338181,1161100
8/1/2019,126.360001,131.350006,125.099998,128.470001,123.637398,1109600
8/2/2019,128.440002,129.100006,127.300003,127.730003,122.92524,752900
8/5/2019,124.120003,125.199997,120.279999,121.080002,116.525383,982700
8/6/2019,122.339996,123.550003,120.93,123.029999,118.402031,824400
8/7/2019,122.050003,124.169998,120.730003,123.599998,118.9506,585900
8/8/2019,124.519997,126.510002,124.279999,126.230003,121.481667,597200
8/9/2019,125.720001,126.860001,124.5,125.75,121.01973,429500
8/12/2019,125.410004,125.720001,124.019997,124.480003,119.797501,334700
8/13/2019,124.699997,126.790001,123.760002,126.75,121.982101,1086700
8/14/2019,125.230003,126.290001,124.349998,125.580002,120.856117,1209700
8/15/2019,126.290001,126.989998,125.480003,126.669998,121.905113,1045800
8/16/2019,127.199997,128.460007,126.370003,128.220001,123.396812,564800
8/19/2019,129,129.600006,128.179993,128.25,123.425674,1051400
8/20/2019,128.369995,129.479996,127.489998,128.179993,123.358299,482400
8/21/2019,129.110001,131.419998,129.009995,131.270004,126.332085,637800
8/22/2019,130.839996,131.660004,129.339996,130.190002,125.292702,580400
8/23/2019,129.770004,130.940002,126.970001,127.459999,122.665405,1743600
8/26/2019,128.139999,128.770004,126.75,128.330002,123.50267,606600
8/27/2019,129.5,130.860001,128.699997,129.449997,124.580536,650300
8/28/2019,128.75,129.130005,126.959999,128.580002,123.743256,561200
8/29/2019,130.059998,131.039993,129.460007,130.330002,125.427444,428800
8/30/2019,131.270004,131.429993,129.080002,129.440002,124.570915,465200
9/3/2019,128.550003,129.550003,127.849998,128.350006,123.521919,426700
9/4/2019,129.899994,129.970001,128.559998,129.779999,124.898125,398400
9/5/2019,130,131.960007,129.690002,131.509995,126.563057,326000
9/6/2019,132.110001,132.110001,130.160004,130.289993,125.388939,414800
9/9/2019,131.050003,131.050003,128.470001,129.169998,124.311066,381800
9/10/2019,128.380005,128.380005,123.919998,125,120.297943,582600
9/11/2019,124.980003,125.349998,123.860001,124.650002,119.961098,518400
9/12/2019,125.099998,126.230003,124.150002,124.300003,120.144745,372300
9/13/2019,124.720001,124.800003,123.449997,124.019997,119.874092,358700
9/16/2019,123.400002,125.419998,123.169998,124.860001,120.686012,309100
9/17/2019,125.160004,127.300003,125.160004,127.18,122.928482,454900
9/18/2019,127.519997,128.270004,124.440002,126.339996,122.116547,489000
9/19/2019,128.339996,128.339996,126.199997,126.870003,122.62883,375100
9/20/2019,127.040001,128.330002,126.199997,126.709999,122.474182,1037600
9/23/2019,126.190002,126.540001,124.290001,125.43,121.236977,476500
9/24/2019,126.519997,128.279999,124.970001,125.459999,121.265968,644200
9/25/2019,125.129997,126.889999,124.269997,126.620003,122.387192,258500
9/26/2019,126.82,127.580002,125.580002,126.650002,122.416183,364800
9/27/2019,127.279999,127.279999,122.75,123.879997,119.738777,434800
9/30/2019,123.940002,125.349998,123.940002,124.43,120.270401,556300
10/1/2019,125.050003,126.709999,124.5,124.900002,120.724701,446200
10/2/2019,123.900002,124.059998,121.489998,121.629997,117.564003,741600
10/3/2019,121.330002,122.300003,119.260002,121.669998,117.602669,809300
10/4/2019,122.510002,123.459999,121.919998,123,118.888214,735500
10/7/2019,122.480003,122.660004,121.269997,121.790001,117.718658,976700
10/8/2019,120.970001,121.43,118.989998,119.57,115.572876,1481700
10/9/2019,120.610001,121.300003,119.849998,120.839996,116.800407,1438700
10/10/2019,120.540001,122.849998,119.610001,122.540001,118.443573,452700
10/11/2019,123.830002,125.57,123.830002,124.339996,120.183403,409400
10/14/2019,124.410004,124.849998,123.449997,123.599998,119.468132,229200
10/15/2019,124.010002,125.559998,123.760002,125.239998,121.053314,330000
10/16/2019,124.889999,125.260002,123.599998,125.230003,121.043655,545600
10/17/2019,125.480003,126.489998,125.040001,125.379997,121.188629,327500
10/18/2019,125.080002,125.139999,122.129997,122.980003,118.868874,456700
10/21/2019,123.379997,123.809998,121.989998,123.650002,119.516472,379800
10/22/2019,124.389999,124.660004,121.559998,121.669998,117.602669,435800
10/23/2019,121.650002,123.43,121.510002,123.099998,118.984848,491200
10/24/2019,123.599998,125.489998,122.57,124.779999,120.608704,635800
10/25/2019,124.550003,125.18,123.379997,123.550003,119.419823,455900
10/28/2019,124.260002,125.230003,124.089996,124.75,120.579704,316400
10/29/2019,124.629997,126.089996,124.059998,124.599998,120.434715,432800
10/30/2019,124.610001,124.970001,123.849998,124.860001,120.686012,461700
10/31/2019,124.879997,125.919998,122.5,125.220001,121.033974,344500
11/1/2019,125.629997,126.769997,125.360001,125.809998,121.604263,364900
11/4/2019,126.209999,126.260002,123.339996,123.470001,119.342499,423200
11/5/2019,123.760002,124.260002,122.370003,123.400002,119.274818,705400
11/6/2019,118.470001,119.660004,115.150002,116.839996,112.934113,1537300
11/7/2019,117.209999,120.970001,116.830002,120.480003,116.452446,832200
11/8/2019,119.989998,120.5,117.639999,119.580002,115.582535,475300
11/11/2019,119.059998,119.809998,118.010002,118.620003,114.654633,398300
11/12/2019,118.400002,119.120003,117.809998,118.230003,114.277664,472100
11/13/2019,118.029999,119.330002,117.949997,118.870003,114.896271,355900
11/14/2019,119.040001,119.410004,118.360001,119.370003,115.379562,549900
11/15/2019,119.839996,119.839996,118.720001,119.800003,115.795181,570800
11/18/2019,120.199997,121.410004,119.800003,120.589996,116.558762,570900
11/19/2019,120.379997,122.419998,119.800003,122.050003,117.969963,731500
11/20/2019,121.809998,123.480003,121.349998,122.440002,118.346924,496500
11/21/2019,122.389999,122.629997,120.559998,121.349998,117.293365,662900
11/22/2019,121.589996,121.790001,119.75,121.199997,117.148376,415500
11/25/2019,121.470001,122.089996,121.220001,121.470001,117.409348,388800
11/26/2019,121.32,123.589996,121.300003,123.389999,119.265167,805400
11/27/2019,123.809998,123.809998,122.449997,123.099998,118.984848,406400
11/29/2019,122.889999,124.279999,122.389999,123.709999,119.574463,284800
12/2/2019,123.650002,123.650002,121.110001,122.209999,118.124619,408800
12/3/2019,121.07,121.75,120.82,121.459999,117.399681,430700
12/4/2019,121.269997,122.5,121.239998,121.760002,117.689659,469900
12/5/2019,121.790001,122.410004,121.379997,121.860001,117.786316,652500
12/6/2019,122.739998,124.949997,122.43,123.010002,118.897873,439100
12/9/2019,123.059998,123.139999,121.010002,121.190002,117.138702,544700
12/10/2019,120.870003,121.93,120.769997,121.400002,117.34169,432300
12/11/2019,120.980003,121.07,118.860001,119.419998,115.427879,848800
12/12/2019,118.690002,120.470001,118.620003,119.550003,116.078423,609700
12/13/2019,119.099998,119.970001,119.07,119.720001,116.243492,609600
12/16/2019,120.57,121.730003,120.400002,120.879997,117.369797,1336400
12/17/2019,121.019997,122.830002,120.860001,122.470001,118.913628,854700
12/18/2019,122.730003,124.690002,122.639999,123.709999,120.11763,655100
12/19/2019,123.290001,123.889999,122.290001,122.540001,118.981598,640900
12/20/2019,123.260002,123.870003,122.730003,123.610001,120.020531,1307900
12/23/2019,123.809998,124.290001,122.779999,122.860001,119.292305,345700
12/24/2019,123.029999,123.220001,122.660004,123.059998,119.486496,110000
12/26/2019,122.940002,123.589996,122.059998,122.620003,119.059273,261900
12/27/2019,122.860001,123.529999,122.120003,123.209999,119.632141,286700
12/30/2019,123.099998,123.220001,122.029999,122.790001,119.224342,273800
12/31/2019,122.510002,123.620003,122.199997,123.540001,119.95256,375400
1/2/2020,124.690002,124.889999,122.970001,123.779999,120.185593,391200
1/3/2020,122.010002,123.989998,121.900002,123.879997,120.282684,359200
1/6/2020,123.150002,125.010002,122.790001,125,121.370163,401500
1/7/2020,125,125.470001,124.209999,124.559998,120.94294,585300
1/8/2020,124.860001,126.220001,124.029999,125.360001,121.719711,486200
1/9/2020,125.980003,128.5,125.809998,128.100006,124.38015,752300
1/10/2020,128.070007,128.119995,126.779999,127.589996,123.884949,644000
1/13/2020,127.860001,128.839996,127.470001,128.490005,124.758827,430400
1/14/2020,128.229996,128.830002,127.360001,128.100006,124.38015,470000
1/15/2020,128.490005,129.289993,127.910004,128.279999,124.554909,398800
1/16/2020,129.089996,129.960007,129.070007,129.350006,125.593857,374300
1/17/2020,129.820007,131.149994,129.139999,131,127.195915,523800
1/21/2020,130.270004,132.830002,130.270004,132.570007,128.720352,683200
1/22/2020,133.289993,134.300003,132.5,132.529999,128.681503,729400
1/23/2020,132.600006,132.830002,130.639999,131.259995,127.448372,447800
1/24/2020,131.970001,132.389999,130.229996,131.029999,127.225052,369900
1/27/2020,128.729996,130.389999,128.119995,129.410004,125.652107,399500
1/28/2020,129.740005,130.649994,129.25,129.770004,126.001663,424100
1/29/2020,130.570007,130.759995,129.520004,129.539993,125.778313,415100
1/30/2020,128.690002,129.809998,127.839996,129.460007,125.700653,946400
1/31/2020,120.489998,121.43,115.389999,119.150002,115.690048,2180900
2/3/2020,120.669998,121.010002,116.199997,116.43,113.049019,1291600
2/4/2020,117.980003,118.410004,115.800003,117.339996,113.932594,1030900
2/5/2020,117.910004,121.57,117.910004,120.699997,117.195038,1475100
2/6/2020,121.139999,121.629997,119.589996,119.730003,116.253197,859100
2/7/2020,119.110001,120.199997,117.529999,117.849998,114.427795,677200
2/10/2020,117.93,118.879997,117.529999,118.239998,114.806465,949300
2/11/2020,119.25,119.879997,118.629997,119.809998,116.330864,575000
2/12/2020,120.370003,123.720001,119.900002,123.43,119.845741,1140100
2/13/2020,122.730003,123.809998,122.190002,122.370003,118.816536,701400
2/14/2020,122.800003,123.790001,121.610001,122.279999,118.729149,633700
2/18/2020,122.089996,122.669998,121.690002,122.510002,118.952477,637700
2/19/2020,123.32,123.610001,122.059998,122.879997,119.311714,554900
2/20/2020,122.769997,122.769997,118.059998,121.379997,117.855286,1505500
2/21/2020,121.120003,121.120003,119.110001,119.610001,116.136673,577600
2/24/2020,116.360001,117.870003,115.550003,116.440002,113.058731,565300
2/25/2020,116.769997,117.639999,112.32,112.449997,109.184593,826100
2/26/2020,113.93,115.370003,112.510002,112.540001,109.27198,1675800
2/27/2020,110.290001,111.760002,107.690002,107.690002,104.562828,1324400
2/28/2020,106.059998,108.089996,102.910004,104.360001,101.329521,3048500
3/2/2020,105.510002,107.220001,103.589996,106.25,103.16465,2429100
3/3/2020,106.510002,106.720001,102.139999,102.519997,99.542961,2486900
3/4/2020,104.510002,106.209999,103.050003,106.150002,103.067543,1175700
3/5/2020,103.559998,104.279999,99.690002,101.389999,98.445763,1098500
3/6/2020,98.080002,100.989998,95.550003,100.360001,97.445671,1281900
3/9/2020,93.709999,95.730003,91.239998,91.519997,88.862373,1241700
3/10/2020,94.610001,100.239998,93.800003,99.489998,96.600945,1905000
3/11/2020,96.900002,98.809998,95.339996,97.669998,94.833801,1616400
3/12/2020,90.989998,99.099998,90.459999,95.709999,93.44735,2707100
3/13/2020,99.610001,103.739998,95.120003,103.68,101.228943,1887900
3/16/2020,92.339996,103.43,91.400002,99.629997,97.274681,1554600
3/17/2020,101.610001,107.139999,97.629997,104.82,102.342003,2142600
3/18/2020,99.519997,104.769997,95.790001,100.900002,98.514664,1522600
3/19/2020,100.080002,100.279999,92.540001,93.440002,91.231018,1332800
3/20/2020,93.839996,97.68,89.809998,90.769997,88.624146,1151600
3/23/2020,89.860001,89.860001,81.900002,84.260002,82.268059,1246800
3/24/2020,87.839996,94.879997,87,94.830002,92.588173,871000
3/25/2020,94.169998,96.349998,88.889999,93.940002,91.719208,1898900
3/26/2020,94.919998,97.800003,93.470001,96.93,94.638519,1308600
3/27/2020,94.900002,95,91.309998,91.57,89.405228,947400
3/30/2020,92.309998,97.379997,90.580002,96.940002,94.648277,1036000
3/31/2020,95.550003,97.260002,93.629997,94.830002,92.588173,1001300
4/1/2020,91.769997,93,90.080002,91.32,89.161133,1123000
4/2/2020,90.400002,93.940002,90.379997,92.099998,89.922707,784000
4/3/2020,91.360001,94.459999,91.120003,92.389999,90.205849,561700
4/6/2020,96.629997,99.309998,95.550003,98.610001,96.278801,1126200
4/7/2020,101.059998,103.510002,99.43,100.760002,98.377975,941800
4/8/2020,101.410004,103.339996,99.580002,102.099998,99.686295,956900
4/9/2020,102.529999,106.370003,101.400002,105.910004,103.406219,1271400
4/13/2020,105.269997,105.900002,101.32,102.589996,100.164711,502300
4/14/2020,105,107.190002,102.980003,106.949997,104.421646,952800
4/15/2020,105.550003,107.690002,104.949997,106.57,104.050613,1016900
4/16/2020,107.239998,108.739998,105.25,107.050003,104.519279,953300
4/17/2020,109.010002,110.139999,108.510002,109.940002,107.340958,707400
4/20/2020,108.699997,110.620003,107.970001,109.790001,107.194496,619000
4/21/2020,108.43,108.690002,105.389999,107.360001,104.821945,740500
4/22/2020,109.099998,110.519997,108.029999,109.410004,106.823479,566700
4/23/2020,110,111.190002,108.910004,110.25,107.643623,814200
4/24/2020,110.779999,111.599998,109.489998,111.440002,108.805489,698200
4/27/2020,112.309998,114.620003,112.300003,114.339996,111.636925,535500
4/28/2020,115.610001,116.589996,112.279999,112.470001,109.81115,863600
4/29/2020,113.910004,116.989998,113.75,115.519997,112.789032,614800
4/30/2020,114.800003,116.57,114.339996,116,113.25769,481100
5/1/2020,114.199997,114.720001,111.870003,113.059998,110.387184,503500
5/4/2020,112.349998,114.059998,111.75,113.849998,111.158531,544900
5/5/2020,115.07,116.099998,114.660004,115.349998,112.623055,598400
5/6/2020,115.419998,116.849998,114.599998,116,113.25769,573500
5/7/2020,117.510002,118.5,116.150002,116.690002,113.931381,797300
5/8/2020,119,119.190002,115.620003,116.809998,114.048538,888200
5/11/2020,116.160004,119.739998,115.589996,119.260002,116.44062,710200
5/12/2020,119.230003,120.440002,117.849998,117.849998,115.063965,885400
5/13/2020,117.940002,118.559998,112.620003,114.110001,111.412369,886000
5/14/2020,113.32,114.93,110.739998,114.870003,112.154404,801400
5/15/2020,112.980003,116.290001,112.980003,115.550003,112.818344,1776600
5/18/2020,118.580002,120.389999,118.089996,119.440002,116.616371,602800
5/19/2020,119.010002,121.370003,119.010002,119.57,116.743294,571400
5/20/2020,120.730003,122.739998,120.5,120.959999,118.100433,452300
5/21/2020,120.610001,120.610001,117.68,117.790001,115.005371,514600
5/22/2020,117.809998,117.980003,116.220001,116.809998,114.048538,553900
5/26/2020,119.400002,119.870003,116.760002,117.120003,114.351212,680100
5/27/2020,118.07,118.849998,116.019997,116.699997,113.941139,1119400
5/28/2020,117.190002,120.529999,117.129997,119.260002,116.44062,546200
5/29/2020,119.440002,121.529999,118.080002,121.099998,118.237122,773800
6/1/2020,121.120003,122.809998,120.110001,122.230003,119.340416,428300
6/2/2020,123.279999,123.309998,121.779999,123.279999,120.365585,594500
6/3/2020,123.620003,124.709999,123.43,124.300003,121.361473,361800
6/4/2020,123.599998,124.440002,122.949997,124,121.068558,515800
6/5/2020,125.139999,127.860001,124.849998,126.669998,123.675446,596000
6/8/2020,125.769997,127.529999,125.099998,127.489998,124.476059,514000
6/9/2020,127.120003,127.449997,123.279999,123.510002,120.590149,647900
6/10/2020,124.010002,124.059998,121.010002,121.779999,118.901047,830600
6/11/2020,119.139999,119.550003,117.199997,118.93,116.635612,1574100
6/12/2020,120.830002,122.379997,118.360001,121.629997,119.283524,1488600
6/15/2020,119.57,122.5,119.400002,122.400002,120.038673,1163700
6/16/2020,125,126.5,124.25,125.110001,122.696396,939000
6/17/2020,125.089996,126.610001,125.050003,126.110001,123.677101,651500
6/18/2020,125.43,126.57,125.040001,125.940002,123.510384,463200
6/19/2020,127.839996,128.029999,123.269997,123.330002,120.950729,970200
6/22/2020,123.279999,126.080002,123.18,124.709999,122.304108,500900
6/23/2020,125.760002,126.940002,124.449997,124.650002,122.24527,455400
6/24/2020,123.959999,124.260002,122.440002,122.699997,120.332886,528200
6/25/2020,122.489998,125.019997,121.050003,124.790001,122.382576,635900
6/26/2020,124.650002,126.949997,124.360001,124.639999,122.235451,1542000
6/29/2020,125.050003,125.809998,122.769997,125.769997,123.343643,608600
6/30/2020,125.519997,126.650002,124.699997,126.190002,123.755554,769200
7/1/2020,126.389999,128.619995,125.480003,127.269997,124.814713,539600
7/2/2020,127.82,129.850006,127.629997,128.220001,125.746399,573800
7/6/2020,130,130.320007,128.009995,128.690002,126.207321,462800
7/7/2020,128.199997,129.649994,126.980003,127.110001,124.657806,377400
7/8/2020,127.940002,129.009995,127.459999,128.589996,126.109245,393200
7/9/2020,127.470001,129.050003,126.169998,127.57,125.108932,694600
7/10/2020,127.720001,127.940002,124.830002,126.059998,123.628052,655600
7/13/2020,126.93,127.470001,124.639999,125.120003,122.706192,480400
7/14/2020,124.809998,126.809998,123.870003,126.779999,124.334175,366900
7/15/2020,127.589996,129.470001,127.309998,128.75,126.266159,504300
7/16/2020,128.259995,128.389999,127.120003,127.459999,125.001053,438000
7/17/2020,128.279999,129.429993,128,129.100006,126.609428,434500
7/20/2020,128.720001,129.839996,128.330002,129.320007,126.825188,443700
7/21/2020,129.970001,131.389999,129.139999,129.949997,127.443008,484300
7/22/2020,129.720001,131.699997,129.550003,131.289993,128.757172,446200
7/23/2020,131.929993,133.339996,129.300003,129.710007,127.207657,382500
7/24/2020,130.589996,131.320007,128.619995,131.279999,128.747345,449100
7/27/2020,131.589996,134.039993,130.639999,133.809998,131.228546,429600
7/28/2020,133.410004,134.070007,131.850006,132.550003,129.992844,409300
7/29/2020,132.949997,134.279999,132.160004,134.009995,131.424683,387300
7/30/2020,132.550003,134.179993,132.309998,133.889999,131.306992,419900
7/31/2020,133.809998,134.410004,132.710007,134.339996,131.748322,640800
8/3/2020,135.279999,137.419998,135.009995,137.039993,134.396225,481900
8/4/2020,136.580002,137.339996,135.759995,137.279999,134.631622,518100
8/5/2020,137.220001,137.839996,134.539993,135.009995,132.40538,507000
8/6/2020,134.949997,136.059998,134.179993,135.360001,132.748657,484000
8/7/2020,134.839996,136.160004,134.300003,135.25,132.640762,768200
8/10/2020,135.740005,137.050003,135.300003,136.600006,133.964722,721200
8/11/2020,138.830002,144.5,138.740005,142.110001,139.368423,1131400
8/12/2020,141.699997,142.369995,138.889999,139.119995,136.436111,837400
8/13/2020,138.360001,140.25,138.130005,138.839996,136.161499,655400
8/14/2020,138.979996,140.029999,138.470001,138.880005,136.200729,280500
8/17/2020,139.720001,140.320007,137.679993,138.139999,135.474991,572700
8/18/2020,138.479996,139.830002,138.479996,139.240005,136.553802,362400
8/19/2020,139.550003,139.940002,136.990005,137.300003,134.65123,780800
8/20/2020,136.800003,138.020004,136.800003,137.300003,134.65123,304200
8/21/2020,137.589996,137.589996,136.460007,136.869995,134.229507,378000
8/24/2020,138.100006,138.820007,136.919998,138.369995,135.700577,383100
8/25/2020,138.970001,139.389999,137.369995,138.270004,135.602524,382400
8/26/2020,138.460007,139.149994,137.529999,139.020004,136.338043,513800
8/27/2020,139.979996,140.399994,138.100006,138.809998,136.132065,333100
8/28/2020,139.229996,139.589996,137.979996,138.470001,135.798645,267900
8/31/2020,138.380005,138.529999,137.320007,137.399994,134.749298,510500
9/1/2020,137.470001,139.479996,137.259995,139.350006,136.661667,373600
9/2/2020,139.729996,143.740005,139.490005,143.130005,140.368759,434400
9/3/2020,142.389999,142.509995,137.279999,138.309998,135.641739,510100
9/4/2020,138.970001,138.970001,133.529999,135.410004,132.797684,402800
9/8/2020,133.669998,135.460007,132.009995,132.339996,129.786911,583200
9/9/2020,133.949997,137.570007,133.369995,136.380005,133.748962,463500
9/10/2020,136.949997,138.169998,133.520004,133.880005,131.297226,447500
9/11/2020,134.919998,135.600006,133.270004,134.429993,131.836578,317100
9/14/2020,135.190002,136.889999,135.190002,136.029999,133.97879,407300
9/15/2020,136.630005,137.330002,135.050003,135.630005,133.584839,504700
9/16/2020,136.509995,137.639999,135,135.059998,133.023407,492200
9/17/2020,133.929993,133.929993,131.919998,133.479996,131.467255,592300
9/18/2020,133.410004,133.979996,131.169998,131.509995,129.526962,906800
9/21/2020,130.130005,131.270004,128.529999,130.910004,128.93602,575500
9/22/2020,131.479996,132.089996,129.970001,132.039993,130.04895,377100
9/23/2020,131.990005,132.229996,128.639999,128.880005,126.936623,315000
9/24/2020,128.610001,128.940002,126.989998,127.849998,125.922142,591100
9/25/2020,127.209999,130.570007,126.769997,130.399994,128.433685,399200
9/28/2020,131.800003,133.289993,131.380005,132,130.009552,528700
9/29/2020,132.100006,133.139999,131.360001,131.720001,129.73378,224200
9/30/2020,131.919998,132.850006,130.850006,132,130.009552,789900
10/1/2020,133.410004,135.399994,132.600006,133.940002,131.920303,737100
10/2/2020,131.699997,133.880005,131.229996,133.410004,131.398315,496700
10/5/2020,134.220001,136.419998,133.460007,136.309998,134.254578,505200
10/6/2020,136.199997,138.679993,135.559998,135.75,133.703003,540200
10/7/2020,136.589996,137.820007,135.320007,137.509995,135.436478,417600
10/8/2020,138.720001,139.910004,137.809998,139.050003,136.953262,301000
10/9/2020,139.729996,141.419998,139.190002,140.839996,138.716263,271700
10/12/2020,142.149994,143.199997,140.979996,142.649994,140.498962,445500
10/13/2020,142.600006,143.789993,141.220001,142.080002,139.937576,480500
10/14/2020,142.039993,142.75,141.460007,141.699997,139.563293,307000
10/15/2020,140.699997,143.789993,140.330002,143.270004,141.109634,419200
10/16/2020,143.720001,145.139999,143.169998,143.339996,141.178558,381600
10/19/2020,143.610001,144.410004,141.429993,141.789993,139.651947,372400
10/20/2020,142.300003,144.110001,142.039993,143.490005,141.326309,335200
10/21/2020,143.839996,145.110001,143.669998,144.509995,142.330902,374700
10/22/2020,144,145.229996,142.75,144.779999,142.596848,281400
10/23/2020,145.589996,146.039993,144.649994,145.729996,143.532532,363100
10/26/2020,144.050003,144.940002,140.919998,142.179993,140.036057,306400
10/27/2020,142.139999,142.979996,139.910004,139.990005,137.879089,299200
10/28/2020,137.919998,138.270004,134.679993,135.479996,133.437073,617800
10/29/2020,135.210007,139.449997,134.839996,138.119995,136.037262,560900
10/30/2020,136.610001,141.929993,136.130005,137.600006,135.525131,1020200
11/2/2020,138.339996,141.520004,138.339996,140.770004,138.647324,643700
11/3/2020,142.130005,145.960007,141.419998,143.660004,141.493729,463000
11/4/2020,145.160004,147.289993,144.429993,144.839996,142.655945,451000
11/5/2020,147.240005,147.990005,143.960007,144.679993,142.498352,509600
11/6/2020,144.610001,147.080002,143.830002,146.589996,144.379547,337800
11/9/2020,151.199997,153.339996,146.529999,146.880005,144.665192,567600
11/10/2020,146.860001,147.720001,144.710007,146.25,144.044678,523800
11/11/2020,147.429993,149.869995,147.240005,148.830002,146.5858,285500
11/12/2020,148.539993,148.559998,144.660004,145.550003,143.35524,391100
11/13/2020,147.080002,147.520004,145.320007,146.690002,144.478058,268300
11/16/2020,147.300003,148.649994,146.380005,148.509995,146.270599,466200
11/17/2020,147.960007,148.550003,146.75,147.279999,145.059158,294400
11/18/2020,146.949997,147.550003,145.619995,145.770004,143.57193,378400
11/19/2020,145.050003,146.809998,143.440002,146.600006,144.389435,426600
11/20/2020,146.869995,146.869995,144.699997,144.919998,142.734756,431400
11/23/2020,145.169998,147.800003,144.570007,147.580002,145.354645,334200
11/24/2020,148.460007,148.520004,146.130005,146.940002,144.724289,416900
11/25/2020,147.729996,147.729996,145.080002,146.270004,144.064392,378900
11/27/2020,146.960007,147.479996,145.080002,147.399994,145.177353,188100
11/30/2020,147.789993,148.020004,144.75,146.880005,144.665192,812100
12/1/2020,148.5,149.330002,146.179993,148.449997,146.211517,590300
12/2/2020,148.399994,149.279999,146.639999,147.229996,145.009903,539900
12/3/2020,146.610001,148.990005,146.610001,148.009995,145.778137,346000
12/4/2020,148.320007,149.229996,147.550003,149.220001,146.96991,454000
12/7/2020,148.720001,149.669998,145.100006,146.149994,143.946182,798600
12/8/2020,145.979996,147.839996,145.509995,147.229996,145.009903,442900
12/9/2020,147.75,148.559998,146.520004,148.309998,146.073608,554900
12/10/2020,147.270004,148.539993,145.339996,146.220001,144.015137,923300
12/11/2020,145.880005,147.759995,145.660004,147.630005,145.403885,677900
12/14/2020,147.330002,148.970001,145.600006,146.100006,144.459595,751200
12/15/2020,146.619995,148.070007,145.850006,147.410004,145.754883,637600
12/16/2020,147.720001,148.350006,145.880005,146.809998,145.161636,654700
12/17/2020,148.300003,150.919998,148,150.830002,149.13649,714600
12/18/2020,151.059998,154.220001,150.229996,153.880005,152.152252,1263800
12/21/2020,151.690002,152.740005,148.550003,149.360001,147.682999,495500
12/22/2020,149.600006,149.919998,148.210007,148.479996,146.812881,587800
12/23/2020,148.809998,148.979996,147.399994,147.410004,145.754883,454300
12/24/2020,148.229996,150.020004,147.580002,150.009995,148.325699,162000
12/28/2020,151.240005,152.509995,150.309998,152.059998,150.352676,463600
12/29/2020,153.210007,153.619995,150.759995,151.369995,149.670425,524600
12/30/2020,152.139999,152.509995,151.5,152.110001,150.40213,319200
12/31/2020,152.429993,153.399994,151.229996,153.199997,151.479874,275000
1/4/2021,153.449997,154.410004,149.509995,151.509995,149.808853,641900
1/5/2021,150.759995,152.479996,149.419998,151.720001,150.016495,723500
1/6/2021,153,156.089996,151.410004,155.779999,154.030899,762400
1/7/2021,155.880005,158.360001,155.110001,155.619995,153.872696,978300
1/8/2021,156.020004,158.100006,154.690002,156.210007,154.456085,578500
1/11/2021,154.869995,155.720001,154.100006,155.009995,153.269547,447300
1/12/2021,154.369995,155.509995,154.149994,154.759995,153.022354,512300
1/13/2021,155.089996,156.070007,153.360001,154.220001,152.488419,689500
1/14/2021,154.410004,155.020004,153.369995,153.570007,151.845734,458700
1/15/2021,153.039993,154.089996,150.860001,151.570007,149.868179,691600
1/19/2021,152.470001,152.910004,151.070007,151.559998,149.858292,384700
1/20/2021,152.529999,152.630005,150.550003,152.490005,150.777847,413100
1/21/2021,152.300003,153.610001,150.759995,151.100006,149.403458,505200
1/22/2021,150.470001,151.009995,148.789993,148.940002,147.267715,852100
1/25/2021,148.919998,150.710007,148.229996,150.669998,148.978287,725500
1/26/2021,151.399994,152.419998,149.850006,151.789993,150.085693,549900
1/27/2021,150.169998,150.580002,143.589996,143.630005,142.017334,1352100
1/28/2021,145.339996,146.990005,143.490005,144.830002,143.203857,674600
1/29/2021,144.279999,144.380005,141.279999,141.309998,139.723373,705200
2/1/2021,142.589996,146.399994,142.059998,146.070007,144.429947,704000
2/2/2021,147.490005,147.490005,143.580002,146.5,144.855103,696400
2/3/2021,147.830002,148.25,144.539993,144.550003,142.927002,486300
2/4/2021,144.649994,145.289993,142.130005,143.169998,141.562485,1024300
2/5/2021,144.199997,145.440002,143.589996,144.130005,142.511734,741600
2/8/2021,144.660004,144.919998,142.399994,143.089996,141.483398,599800
2/9/2021,142.320007,142.669998,141.029999,141.669998,140.07933,637100
2/10/2021,142.270004,144.740005,141.990005,144.380005,142.758926,624400
2/11/2021,144.699997,145.720001,144.389999,145.350006,143.718033,502100
2/12/2021,144.580002,148.199997,144.580002,148.070007,146.407486,767800
2/16/2021,148.25,148.779999,145.589996,146.240005,144.598022,710100
2/17/2021,145.190002,148.619995,144.75,147.429993,145.774658,607500
2/18/2021,146.350006,149.679993,146.139999,149.279999,147.603897,425800
2/19/2021,150,151.110001,148.889999,149.539993,147.860962,614200
2/22/2021,148.460007,149.119995,146.820007,147.5,145.843887,448400
2/23/2021,147.679993,147.679993,143.550003,143.660004,142.046997,1010900
2/24/2021,143.529999,145.880005,142.089996,145.080002,143.451065,579700
2/25/2021,144.869995,146.410004,142.639999,143.259995,141.651474,429100
2/26/2021,143.979996,144.699997,142.229996,142.490005,140.890137,706100
3/1/2021,143.449997,147.009995,142.839996,146.479996,144.835327,457400
3/2/2021,146.509995,146.509995,142.929993,143.839996,142.224976,519400
3/3/2021,143.440002,143.630005,141.300003,141.889999,140.29686,472200
3/4/2021,141.779999,143.130005,137.910004,139.169998,137.607407,557200
3/5/2021,140.520004,142.679993,139.039993,142.479996,140.880234,486400
3/8/2021,143,145.020004,141.699997,141.820007,140.227646,472900
3/9/2021,142.699997,145.470001,141.839996,141.979996,140.385864,467500
3/10/2021,141.979996,143.369995,141.779999,142.380005,140.781372,356800
3/11/2021,143.199997,145.800003,143.199997,144.490005,142.867691,412500
3/12/2021,144.080002,144.289993,142.869995,144.059998,143.011612,428200
3/15/2021,143.529999,146.5,142.699997,146.389999,145.324661,362500
3/16/2021,146.600006,148.220001,145.429993,147.630005,146.555649,387800
3/17/2021,147.710007,148.029999,146.050003,146.75,145.682037,600100
3/18/2021,145.759995,146.940002,144.550003,145.460007,144.401443,417100
3/19/2021,145.360001,148.059998,145.179993,146.179993,145.11618,1158000
3/22/2021,146.360001,147.729996,146.089996,147.589996,146.51593,415400
3/23/2021,147.899994,149.110001,146.539993,147.270004,146.198257,461300
3/24/2021,147.229996,150.160004,147.139999,148.869995,147.786621,573200
3/25/2021,149,149.059998,147.240005,148.240005,147.161194,490500
3/26/2021,148.199997,153.630005,147.449997,153.440002,152.323349,603100
3/29/2021,153.399994,157.690002,151.139999,157.309998,156.165192,771200
3/30/2021,156.889999,156.889999,152.779999,152.979996,151.866699,453100
3/31/2021,152.839996,154.210007,152.509995,153.100006,151.98584,516500
4/1/2021,153.589996,154.979996,152.350006,154.919998,153.792587,407300
4/5/2021,155.490005,159.050003,155.149994,158.600006,157.445816,645900
4/6/2021,157.570007,157.570007,155.330002,156.130005,154.99379,419200
4/7/2021,156.220001,157.270004,154.110001,154.679993,153.554321,369300
4/8/2021,156.050003,157.259995,154.240005,154.369995,153.246582,592500
4/9/2021,153.949997,156,153.550003,156,154.864731,421100
4/12/2021,156.729996,157.210007,154.990005,155.929993,154.795227,473400
4/13/2021,155.429993,156.759995,154.75,155.770004,154.636414,329100
4/14/2021,155.830002,156.279999,154.759995,155.880005,154.745621,318500
4/15/2021,157,157.279999,155.179993,155.570007,154.437866,638400
4/16/2021,156.259995,157.350006,154.710007,157,155.857452,624300
4/19/2021,157.080002,157.080002,155.110001,155.940002,154.805176,522500
4/20/2021,156.210007,159.070007,156.210007,158.850006,157.694,585400
4/21/2021,159.710007,161.389999,159.300003,160.75,159.580154,710400
4/22/2021,160.509995,163.429993,160.410004,161.279999,160.106293,425700
4/23/2021,161.279999,163.160004,160.639999,162.630005,161.446487,277300
4/26/2021,162.940002,163,160.699997,161.020004,159.84819,284300
4/27/2021,160.470001,161.490005,160.020004,161.229996,160.056671,357800
4/28/2021,161.490005,161.800003,160.520004,161.009995,159.838272,308300
4/29/2021,161.679993,162.190002,160.550003,161.460007,160.285004,276300
4/30/2021,160.479996,160.75,157.190002,158.630005,157.475601,610900
5/3/2021,158.880005,160.770004,158.179993,159.979996,158.81575,756600
5/4/2021,158.339996,163.830002,158.339996,162.860001,161.674805,839000
5/5/2021,164.410004,165.240005,162.229996,165.039993,163.838943,512500
5/6/2021,165.330002,166.320007,163.559998,164.899994,163.699951,519800
5/7/2021,165.259995,165.979996,163.770004,164.199997,163.005051,331700
5/10/2021,164.759995,167.539993,162.110001,165.630005,164.424652,369700
5/11/2021,165.089996,165.729996,162.279999,163.789993,162.598022,391300
5/12/2021,162.580002,162.720001,158.990005,159.020004,157.862762,446700
5/13/2021,160.059998,161.929993,159.419998,160.970001,159.798553,354500
5/14/2021,162.309998,163.990005,161.759995,163.179993,161.992462,344600
5/17/2021,162.779999,163.160004,161.179993,162.240005,161.059326,473100
5/18/2021,161.990005,162,160.229996,160.539993,159.371689,851600
5/19/2021,159.240005,159.470001,157.059998,159.419998,158.259842,412400
5/20/2021,159.759995,161.669998,158.690002,160.220001,159.054016,503300
5/21/2021,160.669998,161.639999,158.369995,159.270004,158.110947,595400
5/24/2021,160.309998,161.279999,159.410004,159.449997,158.289612,332400
5/25/2021,159.509995,160,158.660004,159.169998,158.011658,413600
5/26/2021,158.759995,159.350006,157.360001,158.759995,157.604645,503400
5/27/2021,158.770004,160.899994,158.470001,159.639999,158.478241,967900
5/28/2021,160.460007,160.720001,159.419998,159.479996,158.319397,630200
6/1/2021,160.210007,160.289993,157.380005,158.160004,157.009018,545000
6/2/2021,158.380005,159.449997,158.380005,158.509995,157.356461,415900
6/3/2021,157.679993,158.960007,156.669998,158.600006,157.445816,463000
6/4/2021,159.25,160.949997,159.25,160.869995,159.69928,298000
6/7/2021,161.380005,161.380005,157.550003,158.279999,157.128143,286700
6/8/2021,159.050003,159.190002,157.630005,158.229996,157.078491,632100
6/9/2021,158.919998,160,158.270004,159.070007,157.912399,395500
6/10/2021,159.630005,161.490005,159.630005,161.369995,160.195633,665000
6/11/2021,161.470001,162.770004,161.470001,162.759995,161.575531,366700
6/14/2021,162.550003,162.740005,159.860001,160.960007,160.355148,644100
6/15/2021,160.990005,161.899994,160.100006,161.630005,161.022629,320200
6/16/2021,162.270004,162.470001,159.139999,160.220001,159.61792,398200
6/17/2021,159.800003,160.960007,159.289993,159.720001,159.119797,456600
6/18/2021,158.270004,159.259995,157.440002,158.330002,157.735031,875000
6/21/2021,159.039993,161.369995,158.339996,160.889999,160.2854,399900
6/22/2021,160.839996,161.789993,160.520004,161.070007,160.464737,321900
6/23/2021,161.669998,161.669998,159.690002,159.699997,159.099869,345500
6/24/2021,160.440002,160.710007,159.100006,160.320007,159.717545,334100
6/25/2021,160.710007,160.889999,159.990005,160.690002,160.086151,715200
6/28/2021,161.25,161.309998,159.389999,160.809998,160.205704,399900
6/29/2021,161.029999,162.410004,159.910004,162.050003,161.44104,448000
6/30/2021,162.039993,162.039993,160.929993,161.529999,160.922989,598300
7/1/2021,161.820007,163.190002,161.380005,162.929993,162.317734,304000
7/2/2021,163.570007,164.690002,162.919998,164.410004,163.792175,483600
7/6/2021,164.899994,164.910004,162.889999,164.660004,164.041245,367400
7/7/2021,165,168.369995,164.610001,168.179993,167.548004,545800
7/8/2021,167.039993,168.589996,165.949997,166.449997,165.824509,470700
7/9/2021,167.339996,168.960007,166.539993,168.699997,168.066055,765000
7/12/2021,168.080002,169.020004,168.059998,168.460007,167.826965,559200
7/13/2021,168.460007,169.979996,167.990005,168.259995,167.627701,678400
7/14/2021,168.929993,170.229996,168.119995,170.050003,169.41098,443400
7/15/2021,169.449997,171.149994,169.449997,170.660004,170.018692,320500
7/16/2021,171.259995,171.270004,169.300003,169.869995,169.231659,511500
7/19/2021,168.429993,169.160004,165.259995,166.619995,165.993866,707400
7/20/2021,167.360001,170.389999,166.880005,169.149994,168.514359,411200
7/21/2021,169.419998,169.979996,168.570007,169.699997,169.062286,257000
7/22/2021,169.789993,170.729996,169.529999,170.539993,169.899139,302300
7/23/2021,171.949997,172.580002,171.029999,172.490005,171.841812,216600
7/26/2021,171.850006,172.539993,170.889999,172.369995,171.72226,209900
7/27/2021,172.369995,172.619995,170.330002,171.889999,171.244064,333200
7/28/2021,172.020004,172.020004,170.050003,170.839996,170.198013,376900
7/29/2021,171.75,172.809998,171.570007,172.470001,171.821884,501300
7/30/2021,172.270004,173.619995,172.110001,173.490005,172.838058,403900
8/2/2021,174.5,175.210007,173.220001,173.389999,172.738434,286900
8/3/2021,173.669998,175.220001,172.179993,174.990005,174.332428,385600
8/4/2021,174.589996,174.889999,172.979996,174.039993,173.385986,301200
8/5/2021,174.380005,174.789993,173.240005,173.929993,173.276398,255800
8/6/2021,173.720001,174.550003,173,173.369995,172.718506,318100
8/9/2021,173.179993,173.729996,172.490005,172.929993,172.280151,316100
8/10/2021,172.740005,173.190002,170.830002,171.529999,170.885422,359300
8/11/2021,171.940002,173.25,171.479996,172.119995,171.47319,370200
8/12/2021,171.179993,173.720001,169.179993,172.899994,172.250259,619100
8/13/2021,173.710007,175.820007,173.449997,174.360001,173.704788,523400
8/16/2021,173.970001,177.160004,172.839996,176.990005,176.324905,441300
8/17/2021,176.350006,177,175.179993,176.800003,176.13562,300100
8/18/2021,176.729996,177.070007,173.570007,173.669998,173.01738,375000
8/19/2021,172.679993,174.610001,172.679993,173.729996,173.077148,451200
8/20/2021,174,175.240005,172.850006,174.539993,173.884094,579800
8/23/2021,174.960007,174.960007,172.440002,172.5,171.851776,421700
8/24/2021,172.559998,172.820007,171.149994,171.270004,170.626404,455700
8/25/2021,171.130005,171.690002,170.199997,170.979996,170.337479,551400
8/26/2021,170.919998,170.929993,168.919998,169.809998,169.171875,326200
8/27/2021,170.350006,172.009995,170,171.580002,170.935226,335100
8/30/2021,171.330002,172.600006,171.330002,172.330002,171.682419,250500
8/31/2021,172.850006,173.320007,171.5,172.220001,171.57283,496000
9/1/2021,172.779999,172.779999,170.639999,171.429993,170.785782,325000
9/2/2021,171.649994,172.089996,170.289993,171.020004,170.377335,319100
9/3/2021,170.779999,171.809998,170.529999,170.75,170.108353,329800
9/7/2021,170.889999,171.009995,168.5,168.779999,168.145752,322400
9/8/2021,168.699997,171.860001,168.699997,171.809998,171.164368,423600
9/9/2021,171.649994,172.850006,170.720001,170.729996,170.088425,778300
9/10/2021,171.669998,172.039993,169.399994,169.960007,169.32132,374500
9/13/2021,170.610001,171.5,169.429993,170.309998,169.669998,463700
9/14/2021,170.619995,170.619995,168.759995,169.669998,169.669998,456200
9/15/2021,169.699997,170.470001,168.800003,169.649994,169.649994,250700
9/16/2021,170.009995,170.320007,168.600006,168.660004,168.660004,318600
9/17/2021,168.139999,169.399994,166.330002,166.559998,166.559998,720700
9/20/2021,164.839996,166.270004,162.669998,164.440002,164.440002,494100
9/21/2021,165.279999,165.300003,162.25,162.509995,162.509995,461100
9/22/2021,163.029999,164.399994,161.5,164.100006,164.100006,630400
9/23/2021,164.960007,168.610001,164.960007,168.070007,168.070007,544600
9/24/2021,167.679993,169.309998,166.820007,169.009995,169.009995,421700
9/27/2021,168.550003,168.960007,167.339996,168.240005,168.240005,330700
9/28/2021,167.110001,167.770004,165.779999,166.839996,166.839996,716200
9/29/2021,167.570007,169.789993,166.570007,168.399994,168.399994,540700
9/30/2021,169.190002,170.259995,166.589996,166.639999,166.639999,751300
10/1/2021,167.479996,167.490005,164.169998,166.020004,166.020004,636000
10/4/2021,164.830002,165.960007,161.389999,162.550003,162.550003,687400
10/5/2021,163.020004,164.839996,161.089996,164.440002,164.440002,577200
10/6/2021,163.009995,167.050003,163.009995,166.979996,166.979996,643100
10/7/2021,167.809998,168.919998,167.259995,168.899994,168.899994,594400
10/8/2021,168.990005,169.509995,168.419998,168.940002,168.940002,353900
10/11/2021,168.660004,169.479996,167.610001,168.330002,168.330002,552900
10/12/2021,169.220001,171.429993,168.339996,170.710007,170.710007,446200
